"Month","Text_General_Code","x1","Year","Unemployment","Child_mortality","hospital_ambulization_rate","Cancer_mortality","Days_good_air_quality","Homicide_mortality_rate","Suicide_mortality_rate","Theft","All_Other_Offenses","Other_Assaults","Vandalism","Narcotic","Burglary","Fraud","Retrieving","Robbery","Aggravated_Assault","Driving_Under_The_Influcence","Disorderly_Conduct","Weapon_Violations","Other_Sex_Offenses","Prostitution","Rape","Drinking_Violation","Vagrancy_Loitering","Arson","Forgery_Counterfeiting","Embezzlement","Homicide","Offenses_Against_Family_Children","Gambling_Violations","Receiving_Stolen_Property","Temperature_Max","Temperature_Min","Temperature_Avg","Temperature_Departure","HDD","CDD","Precipitation","New_Snow","Snow_Depth","x1_1","Month_Number","Avg","deseasonalized_divide_mean","deseasonalized_subtract_mean"
"2012-01-01T00:00:00","Aggravated Assault",641,2012,0.109,78.6,1258.0,206.8,147,19.7,10.7,0,0,0,0,0,0,0,0,0,1,0,0,0,0,0,0,0,0,0,0,0,0,0,0,0,45.93548387,29.93548387,37.93548387,4.987096774,26.80645161,0.0,0.083548387,0.080645161,0.161290323,641,1,662.8333333333334,0.9670605984410359,-21.83333333333337
"2012-01-01T00:00:00","All Other Offenses",2621,2012,0.109,78.6,1258.0,206.8,147,19.7,10.7,0,1,0,0,0,0,0,0,0,0,0,0,0,0,0,0,0,0,0,0,0,0,0,0,0,45.93548387,29.93548387,37.93548387,4.987096774,26.80645161,0.0,0.083548387,0.080645161,0.161290323,2621,1,2881.3333333333335,0.9096483109671448,-260.3333333333335
"2012-01-01T00:00:00","Arson",59,2012,0.109,78.6,1258.0,206.8,147,19.7,10.7,0,0,0,0,0,0,0,0,0,0,0,0,0,0,0,0,0,0,1,0,0,0,0,0,0,45.93548387,29.93548387,37.93548387,4.987096774,26.80645161,0.0,0.083548387,0.080645161,0.161290323,59,1,46.666666666666664,1.2642857142857145,12.333333333333336
"2012-01-01T00:00:00","Burglary",1080,2012,0.109,78.6,1258.0,206.8,147,19.7,10.7,0,0,0,0,0,1,0,0,0,0,0,0,0,0,0,0,0,0,0,0,0,0,0,0,0,45.93548387,29.93548387,37.93548387,4.987096774,26.80645161,0.0,0.083548387,0.080645161,0.161290323,1080,1,950.8333333333334,1.135845749342682,129.16666666666663
"2012-01-01T00:00:00","DRIVING UNDER THE INFLUENCE",431,2012,0.109,78.6,1258.0,206.8,147,19.7,10.7,0,0,0,0,0,0,0,0,0,0,1,0,0,0,0,0,0,0,0,0,0,0,0,0,0,45.93548387,29.93548387,37.93548387,4.987096774,26.80645161,0.0,0.083548387,0.080645161,0.161290323,431,1,449.0,0.9599109131403119,-18.0
"2012-01-01T00:00:00","Disorderly Conduct",322,2012,0.109,78.6,1258.0,206.8,147,19.7,10.7,0,0,0,0,0,0,0,0,0,0,0,1,0,0,0,0,0,0,0,0,0,0,0,0,0,45.93548387,29.93548387,37.93548387,4.987096774,26.80645161,0.0,0.083548387,0.080645161,0.161290323,322,1,330.5,0.9742813918305597,-8.5
"2012-01-01T00:00:00","Drinking Violation",47,2012,0.109,78.6,1258.0,206.8,147,19.7,10.7,0,0,0,0,0,0,0,0,0,0,0,0,0,0,0,0,1,0,0,0,0,0,0,0,0,45.93548387,29.93548387,37.93548387,4.987096774,26.80645161,0.0,0.083548387,0.080645161,0.161290323,47,1,60.5,0.7768595041322314,-13.5
"2012-01-01T00:00:00","Embezzlement",38,2012,0.109,78.6,1258.0,206.8,147,19.7,10.7,0,0,0,0,0,0,0,0,0,0,0,0,0,0,0,0,0,0,0,0,1,0,0,0,0,45.93548387,29.93548387,37.93548387,4.987096774,26.80645161,0.0,0.083548387,0.080645161,0.161290323,38,1,38.833333333333336,0.9785407725321887,-0.8333333333333357
"2012-01-01T00:00:00","Forgery and Counterfeiting",24,2012,0.109,78.6,1258.0,206.8,147,19.7,10.7,0,0,0,0,0,0,0,0,0,0,0,0,0,0,0,0,0,0,0,1,0,0,0,0,0,45.93548387,29.93548387,37.93548387,4.987096774,26.80645161,0.0,0.083548387,0.080645161,0.161290323,24,1,52.5,0.45714285714285713,-28.5
"2012-01-01T00:00:00","Fraud",724,2012,0.109,78.6,1258.0,206.8,147,19.7,10.7,0,0,0,0,0,0,1,0,0,0,0,0,0,0,0,0,0,0,0,0,0,0,0,0,0,45.93548387,29.93548387,37.93548387,4.987096774,26.80645161,0.0,0.083548387,0.080645161,0.161290323,724,1,791.3333333333334,0.9149115417017691,-67.33333333333337
"2012-01-01T00:00:00","Gambling Violations",4,2012,0.109,78.6,1258.0,206.8,147,19.7,10.7,0,0,0,0,0,0,0,0,0,0,0,0,0,0,0,0,0,0,0,0,0,0,0,1,0,45.93548387,29.93548387,37.93548387,4.987096774,26.80645161,0.0,0.083548387,0.080645161,0.161290323,4,1,6.0,0.6666666666666666,-2.0
"2012-01-01T00:00:00","Homicide",30,2012,0.109,78.6,1258.0,206.8,147,19.7,10.7,0,0,0,0,0,0,0,0,0,0,0,0,0,0,0,0,0,0,0,0,0,1,0,0,0,45.93548387,29.93548387,37.93548387,4.987096774,26.80645161,0.0,0.083548387,0.080645161,0.161290323,30,1,25.333333333333332,1.1842105263157896,4.666666666666668
"2012-01-01T00:00:00","Narcotic / Drug Law Violations",921,2012,0.109,78.6,1258.0,206.8,147,19.7,10.7,0,0,0,0,1,0,0,0,0,0,0,0,0,0,0,0,0,0,0,0,0,0,0,0,0,45.93548387,29.93548387,37.93548387,4.987096774,26.80645161,0.0,0.083548387,0.080645161,0.161290323,921,1,1215.5,0.7577128753599341,-294.5
"2012-01-01T00:00:00","Offenses Against Family and Children",9,2012,0.109,78.6,1258.0,206.8,147,19.7,10.7,0,0,0,0,0,0,0,0,0,0,0,0,0,0,0,0,0,0,0,0,0,0,1,0,0,45.93548387,29.93548387,37.93548387,4.987096774,26.80645161,0.0,0.083548387,0.080645161,0.161290323,9,1,12.333333333333334,0.7297297297297297,-3.333333333333334
"2012-01-01T00:00:00","Other Assaults",1999,2012,0.109,78.6,1258.0,206.8,147,19.7,10.7,0,0,1,0,0,0,0,0,0,0,0,0,0,0,0,0,0,0,0,0,0,0,0,0,0,45.93548387,29.93548387,37.93548387,4.987096774,26.80645161,0.0,0.083548387,0.080645161,0.161290323,1999,1,1961.1666666666667,1.0192912382085493,37.83333333333326
"2012-01-01T00:00:00","Other Sex Offenses (Not Commercialized)",126,2012,0.109,78.6,1258.0,206.8,147,19.7,10.7,0,0,0,0,0,0,0,0,0,0,0,0,0,1,0,0,0,0,0,0,0,0,0,0,0,45.93548387,29.93548387,37.93548387,4.987096774,26.80645161,0.0,0.083548387,0.080645161,0.161290323,126,1,115.33333333333333,1.092485549132948,10.666666666666671
"2012-01-01T00:00:00","Prostitution and Commercialized Vice",80,2012,0.109,78.6,1258.0,206.8,147,19.7,10.7,0,0,0,0,0,0,0,0,0,0,0,0,0,0,1,0,0,0,0,0,0,0,0,0,0,45.93548387,29.93548387,37.93548387,4.987096774,26.80645161,0.0,0.083548387,0.080645161,0.161290323,80,1,104.0,0.7692307692307693,-24.0
"2012-01-01T00:00:00","Rape",59,2012,0.109,78.6,1258.0,206.8,147,19.7,10.7,0,0,0,0,0,0,0,0,0,0,0,0,0,0,0,1,0,0,0,0,0,0,0,0,0,45.93548387,29.93548387,37.93548387,4.987096774,26.80645161,0.0,0.083548387,0.080645161,0.161290323,59,1,74.66666666666667,0.7901785714285714,-15.666666666666671
"2012-01-01T00:00:00","Receiving Stolen Property",3,2012,0.109,78.6,1258.0,206.8,147,19.7,10.7,0,0,0,0,0,0,0,0,0,0,0,0,0,0,0,0,0,0,0,0,0,0,0,0,1,45.93548387,29.93548387,37.93548387,4.987096774,26.80645161,0.0,0.083548387,0.080645161,0.161290323,3,1,8.666666666666666,0.3461538461538462,-5.666666666666666
"2012-01-01T00:00:00","Recovered Stolen Motor Vehicle",489,2012,0.109,78.6,1258.0,206.8,147,19.7,10.7,0,0,0,0,0,0,0,1,0,0,0,0,0,0,0,0,0,0,0,0,0,0,0,0,0,45.93548387,29.93548387,37.93548387,4.987096774,26.80645161,0.0,0.083548387,0.080645161,0.161290323,489,1,810.8333333333334,0.6030832476875642,-321.83333333333337
"2012-01-01T00:00:00","Robbery",651,2012,0.109,78.6,1258.0,206.8,147,19.7,10.7,0,0,0,0,0,0,0,0,1,0,0,0,0,0,0,0,0,0,0,0,0,0,0,0,0,45.93548387,29.93548387,37.93548387,4.987096774,26.80645161,0.0,0.083548387,0.080645161,0.161290323,651,1,786.0,0.8282442748091603,-135.0
"2012-01-01T00:00:00","Thefts",3377,2012,0.109,78.6,1258.0,206.8,147,19.7,10.7,1,0,0,0,0,0,0,0,0,0,0,0,0,0,0,0,0,0,0,0,0,0,0,0,0,45.93548387,29.93548387,37.93548387,4.987096774,26.80645161,0.0,0.083548387,0.080645161,0.161290323,3377,1,3424.8333333333335,0.9860333836196408,-47.833333333333485
"2012-01-01T00:00:00","Vagrancy/Loitering",49,2012,0.109,78.6,1258.0,206.8,147,19.7,10.7,0,0,0,0,0,0,0,0,0,0,0,0,0,0,0,0,0,1,0,0,0,0,0,0,0,45.93548387,29.93548387,37.93548387,4.987096774,26.80645161,0.0,0.083548387,0.080645161,0.161290323,49,1,57.166666666666664,0.8571428571428572,-8.166666666666664
"2012-01-01T00:00:00","Vandalism/Criminal Mischief",1322,2012,0.109,78.6,1258.0,206.8,147,19.7,10.7,0,0,0,1,0,0,0,0,0,0,0,0,0,0,0,0,0,0,0,0,0,0,0,0,0,45.93548387,29.93548387,37.93548387,4.987096774,26.80645161,0.0,0.083548387,0.080645161,0.161290323,1322,1,1541.1666666666667,0.8577917162322916,-219.16666666666674
"2012-01-01T00:00:00","Weapon Violations",163,2012,0.109,78.6,1258.0,206.8,147,19.7,10.7,0,0,0,0,0,0,0,0,0,0,0,0,1,0,0,0,0,0,0,0,0,0,0,0,0,45.93548387,29.93548387,37.93548387,4.987096774,26.80645161,0.0,0.083548387,0.080645161,0.161290323,163,1,173.16666666666666,0.9412897016361887,-10.166666666666657
"2012-02-01T00:00:00","Aggravated Assault",629,2012,0.109,78.6,1258.0,206.8,147,19.7,10.7,0,0,0,0,0,0,0,0,0,1,0,0,0,0,0,0,0,0,0,0,0,0,0,0,0,48.82758621,33.06896552,40.94827586,5.086206897,23.75862069,0.0,0.063448276,0.04137931,0.034482759,629,2,576.1666666666666,1.0916980040497541,52.83333333333337
"2012-02-01T00:00:00","All Other Offenses",3164,2012,0.109,78.6,1258.0,206.8,147,19.7,10.7,0,1,0,0,0,0,0,0,0,0,0,0,0,0,0,0,0,0,0,0,0,0,0,0,0,48.82758621,33.06896552,40.94827586,5.086206897,23.75862069,0.0,0.063448276,0.04137931,0.034482759,3164,2,2720.5,1.1630215034001103,443.5
"2012-02-01T00:00:00","Arson",51,2012,0.109,78.6,1258.0,206.8,147,19.7,10.7,0,0,0,0,0,0,0,0,0,0,0,0,0,0,0,0,0,0,1,0,0,0,0,0,0,48.82758621,33.06896552,40.94827586,5.086206897,23.75862069,0.0,0.063448276,0.04137931,0.034482759,51,2,36.5,1.3972602739726028,14.5
"2012-02-01T00:00:00","Burglary",796,2012,0.109,78.6,1258.0,206.8,147,19.7,10.7,0,0,0,0,0,1,0,0,0,0,0,0,0,0,0,0,0,0,0,0,0,0,0,0,0,48.82758621,33.06896552,40.94827586,5.086206897,23.75862069,0.0,0.063448276,0.04137931,0.034482759,796,2,696.0,1.1436781609195403,100.0
"2012-02-01T00:00:00","DRIVING UNDER THE INFLUENCE",449,2012,0.109,78.6,1258.0,206.8,147,19.7,10.7,0,0,0,0,0,0,0,0,0,0,1,0,0,0,0,0,0,0,0,0,0,0,0,0,0,48.82758621,33.06896552,40.94827586,5.086206897,23.75862069,0.0,0.063448276,0.04137931,0.034482759,449,2,438.1666666666667,1.0247242297451502,10.833333333333314
"2012-02-01T00:00:00","Disorderly Conduct",358,2012,0.109,78.6,1258.0,206.8,147,19.7,10.7,0,0,0,0,0,0,0,0,0,0,0,1,0,0,0,0,0,0,0,0,0,0,0,0,0,48.82758621,33.06896552,40.94827586,5.086206897,23.75862069,0.0,0.063448276,0.04137931,0.034482759,358,2,304.0,1.1776315789473684,54.0
"2012-02-01T00:00:00","Drinking Violation",84,2012,0.109,78.6,1258.0,206.8,147,19.7,10.7,0,0,0,0,0,0,0,0,0,0,0,0,0,0,0,0,1,0,0,0,0,0,0,0,0,48.82758621,33.06896552,40.94827586,5.086206897,23.75862069,0.0,0.063448276,0.04137931,0.034482759,84,2,63.0,1.3333333333333333,21.0
"2012-02-01T00:00:00","Embezzlement",19,2012,0.109,78.6,1258.0,206.8,147,19.7,10.7,0,0,0,0,0,0,0,0,0,0,0,0,0,0,0,0,0,0,0,0,1,0,0,0,0,48.82758621,33.06896552,40.94827586,5.086206897,23.75862069,0.0,0.063448276,0.04137931,0.034482759,19,2,30.5,0.6229508196721312,-11.5
"2012-02-01T00:00:00","Forgery and Counterfeiting",22,2012,0.109,78.6,1258.0,206.8,147,19.7,10.7,0,0,0,0,0,0,0,0,0,0,0,0,0,0,0,0,0,0,0,1,0,0,0,0,0,48.82758621,33.06896552,40.94827586,5.086206897,23.75862069,0.0,0.063448276,0.04137931,0.034482759,22,2,48.5,0.4536082474226804,-26.5
"2012-02-01T00:00:00","Fraud",769,2012,0.109,78.6,1258.0,206.8,147,19.7,10.7,0,0,0,0,0,0,1,0,0,0,0,0,0,0,0,0,0,0,0,0,0,0,0,0,0,48.82758621,33.06896552,40.94827586,5.086206897,23.75862069,0.0,0.063448276,0.04137931,0.034482759,769,2,753.6666666666666,1.0203449800973021,15.333333333333371
"2012-02-01T00:00:00","Gambling Violations",2,2012,0.109,78.6,1258.0,206.8,147,19.7,10.7,0,0,0,0,0,0,0,0,0,0,0,0,0,0,0,0,0,0,0,0,0,0,0,1,0,48.82758621,33.06896552,40.94827586,5.086206897,23.75862069,0.0,0.063448276,0.04137931,0.034482759,2,2,6.833333333333333,0.29268292682926833,-4.833333333333333
"2012-02-01T00:00:00","Homicide",20,2012,0.109,78.6,1258.0,206.8,147,19.7,10.7,0,0,0,0,0,0,0,0,0,0,0,0,0,0,0,0,0,0,0,0,0,1,0,0,0,48.82758621,33.06896552,40.94827586,5.086206897,23.75862069,0.0,0.063448276,0.04137931,0.034482759,20,2,25.0,0.8,-5.0
"2012-02-01T00:00:00","Narcotic / Drug Law Violations",964,2012,0.109,78.6,1258.0,206.8,147,19.7,10.7,0,0,0,0,1,0,0,0,0,0,0,0,0,0,0,0,0,0,0,0,0,0,0,0,0,48.82758621,33.06896552,40.94827586,5.086206897,23.75862069,0.0,0.063448276,0.04137931,0.034482759,964,2,1131.0,0.852343059239611,-167.0
"2012-02-01T00:00:00","Offenses Against Family and Children",16,2012,0.109,78.6,1258.0,206.8,147,19.7,10.7,0,0,0,0,0,0,0,0,0,0,0,0,0,0,0,0,0,0,0,0,0,0,1,0,0,48.82758621,33.06896552,40.94827586,5.086206897,23.75862069,0.0,0.063448276,0.04137931,0.034482759,16,2,12.333333333333334,1.2972972972972971,3.666666666666666
"2012-02-01T00:00:00","Other Assaults",1995,2012,0.109,78.6,1258.0,206.8,147,19.7,10.7,0,0,1,0,0,0,0,0,0,0,0,0,0,0,0,0,0,0,0,0,0,0,0,0,0,48.82758621,33.06896552,40.94827586,5.086206897,23.75862069,0.0,0.063448276,0.04137931,0.034482759,1995,2,1779.3333333333333,1.121206444361184,215.66666666666674
"2012-02-01T00:00:00","Other Sex Offenses (Not Commercialized)",112,2012,0.109,78.6,1258.0,206.8,147,19.7,10.7,0,0,0,0,0,0,0,0,0,0,0,0,0,1,0,0,0,0,0,0,0,0,0,0,0,48.82758621,33.06896552,40.94827586,5.086206897,23.75862069,0.0,0.063448276,0.04137931,0.034482759,112,2,112.33333333333333,0.9970326409495549,-0.3333333333333286
"2012-02-01T00:00:00","Prostitution and Commercialized Vice",91,2012,0.109,78.6,1258.0,206.8,147,19.7,10.7,0,0,0,0,0,0,0,0,0,0,0,0,0,0,1,0,0,0,0,0,0,0,0,0,0,48.82758621,33.06896552,40.94827586,5.086206897,23.75862069,0.0,0.063448276,0.04137931,0.034482759,91,2,76.66666666666667,1.1869565217391305,14.333333333333329
"2012-02-01T00:00:00","Rape",76,2012,0.109,78.6,1258.0,206.8,147,19.7,10.7,0,0,0,0,0,0,0,0,0,0,0,0,0,0,0,1,0,0,0,0,0,0,0,0,0,48.82758621,33.06896552,40.94827586,5.086206897,23.75862069,0.0,0.063448276,0.04137931,0.034482759,76,2,63.333333333333336,1.2,12.666666666666664
"2012-02-01T00:00:00","Receiving Stolen Property",5,2012,0.109,78.6,1258.0,206.8,147,19.7,10.7,0,0,0,0,0,0,0,0,0,0,0,0,0,0,0,0,0,0,0,0,0,0,0,0,1,48.82758621,33.06896552,40.94827586,5.086206897,23.75862069,0.0,0.063448276,0.04137931,0.034482759,5,2,4.0,1.25,1.0
"2012-02-01T00:00:00","Recovered Stolen Motor Vehicle",410,2012,0.109,78.6,1258.0,206.8,147,19.7,10.7,0,0,0,0,0,0,0,1,0,0,0,0,0,0,0,0,0,0,0,0,0,0,0,0,0,48.82758621,33.06896552,40.94827586,5.086206897,23.75862069,0.0,0.063448276,0.04137931,0.034482759,410,2,635.3333333333334,0.6453305351521511,-225.33333333333337
"2012-02-01T00:00:00","Robbery",532,2012,0.109,78.6,1258.0,206.8,147,19.7,10.7,0,0,0,0,0,0,0,0,1,0,0,0,0,0,0,0,0,0,0,0,0,0,0,0,0,48.82758621,33.06896552,40.94827586,5.086206897,23.75862069,0.0,0.063448276,0.04137931,0.034482759,532,2,584.3333333333334,0.910439247005134,-52.33333333333337
"2012-02-01T00:00:00","Thefts",3039,2012,0.109,78.6,1258.0,206.8,147,19.7,10.7,1,0,0,0,0,0,0,0,0,0,0,0,0,0,0,0,0,0,0,0,0,0,0,0,0,48.82758621,33.06896552,40.94827586,5.086206897,23.75862069,0.0,0.063448276,0.04137931,0.034482759,3039,2,2817.8333333333335,1.0784882001537823,221.16666666666652
"2012-02-01T00:00:00","Vagrancy/Loitering",58,2012,0.109,78.6,1258.0,206.8,147,19.7,10.7,0,0,0,0,0,0,0,0,0,0,0,0,0,0,0,0,0,1,0,0,0,0,0,0,0,48.82758621,33.06896552,40.94827586,5.086206897,23.75862069,0.0,0.063448276,0.04137931,0.034482759,58,2,50.333333333333336,1.1523178807947019,7.666666666666664
"2012-02-01T00:00:00","Vandalism/Criminal Mischief",1166,2012,0.109,78.6,1258.0,206.8,147,19.7,10.7,0,0,0,1,0,0,0,0,0,0,0,0,0,0,0,0,0,0,0,0,0,0,0,0,0,48.82758621,33.06896552,40.94827586,5.086206897,23.75862069,0.0,0.063448276,0.04137931,0.034482759,1166,2,1285.1666666666667,0.9072753209700427,-119.16666666666674
"2012-02-01T00:00:00","Weapon Violations",138,2012,0.109,78.6,1258.0,206.8,147,19.7,10.7,0,0,0,0,0,0,0,0,0,0,0,0,1,0,0,0,0,0,0,0,0,0,0,0,0,48.82758621,33.06896552,40.94827586,5.086206897,23.75862069,0.0,0.063448276,0.04137931,0.034482759,138,2,142.33333333333334,0.9695550351288056,-4.333333333333343
"2012-03-01T00:00:00","Aggravated Assault",705,2012,0.109,78.6,1258.0,206.8,147,19.7,10.7,0,0,0,0,0,0,0,0,0,1,0,0,0,0,0,0,0,0,0,0,0,0,0,0,0,61.67741935,42.70967742,52.19354839,8.638709677,12.70967742,0.129032258,0.025483871,0.0,0.0,705,3,757.5,0.9306930693069307,-52.5
"2012-03-01T00:00:00","All Other Offenses",3482,2012,0.109,78.6,1258.0,206.8,147,19.7,10.7,0,1,0,0,0,0,0,0,0,0,0,0,0,0,0,0,0,0,0,0,0,0,0,0,0,61.67741935,42.70967742,52.19354839,8.638709677,12.70967742,0.129032258,0.025483871,0.0,0.0,3482,3,3409.3333333333335,1.0213140398904967,72.66666666666652
"2012-03-01T00:00:00","Arson",61,2012,0.109,78.6,1258.0,206.8,147,19.7,10.7,0,0,0,0,0,0,0,0,0,0,0,0,0,0,0,0,0,0,1,0,0,0,0,0,0,61.67741935,42.70967742,52.19354839,8.638709677,12.70967742,0.129032258,0.025483871,0.0,0.0,61,3,46.0,1.326086956521739,15.0
"2012-03-01T00:00:00","Burglary",877,2012,0.109,78.6,1258.0,206.8,147,19.7,10.7,0,0,0,0,0,1,0,0,0,0,0,0,0,0,0,0,0,0,0,0,0,0,0,0,0,61.67741935,42.70967742,52.19354839,8.638709677,12.70967742,0.129032258,0.025483871,0.0,0.0,877,3,827.6666666666666,1.059605316149819,49.33333333333337
"2012-03-01T00:00:00","DRIVING UNDER THE INFLUENCE",432,2012,0.109,78.6,1258.0,206.8,147,19.7,10.7,0,0,0,0,0,0,0,0,0,0,1,0,0,0,0,0,0,0,0,0,0,0,0,0,0,61.67741935,42.70967742,52.19354839,8.638709677,12.70967742,0.129032258,0.025483871,0.0,0.0,432,3,499.0,0.8657314629258517,-67.0
"2012-03-01T00:00:00","Disorderly Conduct",380,2012,0.109,78.6,1258.0,206.8,147,19.7,10.7,0,0,0,0,0,0,0,0,0,0,0,1,0,0,0,0,0,0,0,0,0,0,0,0,0,61.67741935,42.70967742,52.19354839,8.638709677,12.70967742,0.129032258,0.025483871,0.0,0.0,380,3,383.6666666666667,0.9904430929626411,-3.6666666666666856
"2012-03-01T00:00:00","Drinking Violation",71,2012,0.109,78.6,1258.0,206.8,147,19.7,10.7,0,0,0,0,0,0,0,0,0,0,0,0,0,0,0,0,1,0,0,0,0,0,0,0,0,61.67741935,42.70967742,52.19354839,8.638709677,12.70967742,0.129032258,0.025483871,0.0,0.0,71,3,99.33333333333333,0.714765100671141,-28.33333333333333
"2012-03-01T00:00:00","Embezzlement",20,2012,0.109,78.6,1258.0,206.8,147,19.7,10.7,0,0,0,0,0,0,0,0,0,0,0,0,0,0,0,0,0,0,0,0,1,0,0,0,0,61.67741935,42.70967742,52.19354839,8.638709677,12.70967742,0.129032258,0.025483871,0.0,0.0,20,3,33.833333333333336,0.5911330049261083,-13.833333333333336
"2012-03-01T00:00:00","Forgery and Counterfeiting",30,2012,0.109,78.6,1258.0,206.8,147,19.7,10.7,0,0,0,0,0,0,0,0,0,0,0,0,0,0,0,0,0,0,0,1,0,0,0,0,0,61.67741935,42.70967742,52.19354839,8.638709677,12.70967742,0.129032258,0.025483871,0.0,0.0,30,3,50.0,0.6,-20.0
"2012-03-01T00:00:00","Fraud",920,2012,0.109,78.6,1258.0,206.8,147,19.7,10.7,0,0,0,0,0,0,1,0,0,0,0,0,0,0,0,0,0,0,0,0,0,0,0,0,0,61.67741935,42.70967742,52.19354839,8.638709677,12.70967742,0.129032258,0.025483871,0.0,0.0,920,3,851.0,1.0810810810810811,69.0
"2012-03-01T00:00:00","Gambling Violations",4,2012,0.109,78.6,1258.0,206.8,147,19.7,10.7,0,0,0,0,0,0,0,0,0,0,0,0,0,0,0,0,0,0,0,0,0,0,0,1,0,61.67741935,42.70967742,52.19354839,8.638709677,12.70967742,0.129032258,0.025483871,0.0,0.0,4,3,6.666666666666667,0.6,-2.666666666666667
"2012-03-01T00:00:00","Homicide",33,2012,0.109,78.6,1258.0,206.8,147,19.7,10.7,0,0,0,0,0,0,0,0,0,0,0,0,0,0,0,0,0,0,0,0,0,1,0,0,0,61.67741935,42.70967742,52.19354839,8.638709677,12.70967742,0.129032258,0.025483871,0.0,0.0,33,3,28.166666666666668,1.1715976331360947,4.833333333333332
"2012-03-01T00:00:00","Narcotic / Drug Law Violations",990,2012,0.109,78.6,1258.0,206.8,147,19.7,10.7,0,0,0,0,1,0,0,0,0,0,0,0,0,0,0,0,0,0,0,0,0,0,0,0,0,61.67741935,42.70967742,52.19354839,8.638709677,12.70967742,0.129032258,0.025483871,0.0,0.0,990,3,1346.8333333333333,0.7350575423833684,-356.83333333333326
"2012-03-01T00:00:00","Offenses Against Family and Children",16,2012,0.109,78.6,1258.0,206.8,147,19.7,10.7,0,0,0,0,0,0,0,0,0,0,0,0,0,0,0,0,0,0,0,0,0,0,1,0,0,61.67741935,42.70967742,52.19354839,8.638709677,12.70967742,0.129032258,0.025483871,0.0,0.0,16,3,14.333333333333334,1.1162790697674418,1.666666666666666
"2012-03-01T00:00:00","Other Assaults",2308,2012,0.109,78.6,1258.0,206.8,147,19.7,10.7,0,0,1,0,0,0,0,0,0,0,0,0,0,0,0,0,0,0,0,0,0,0,0,0,0,61.67741935,42.70967742,52.19354839,8.638709677,12.70967742,0.129032258,0.025483871,0.0,0.0,2308,3,2339.8333333333335,0.986395042381936,-31.833333333333485
"2012-03-01T00:00:00","Other Sex Offenses (Not Commercialized)",157,2012,0.109,78.6,1258.0,206.8,147,19.7,10.7,0,0,0,0,0,0,0,0,0,0,0,0,0,1,0,0,0,0,0,0,0,0,0,0,0,61.67741935,42.70967742,52.19354839,8.638709677,12.70967742,0.129032258,0.025483871,0.0,0.0,157,3,136.83333333333334,1.1473812423873324,20.166666666666657
"2012-03-01T00:00:00","Prostitution and Commercialized Vice",109,2012,0.109,78.6,1258.0,206.8,147,19.7,10.7,0,0,0,0,0,0,0,0,0,0,0,0,0,0,1,0,0,0,0,0,0,0,0,0,0,61.67741935,42.70967742,52.19354839,8.638709677,12.70967742,0.129032258,0.025483871,0.0,0.0,109,3,100.16666666666667,1.0881863560732112,8.833333333333329
"2012-03-01T00:00:00","Rape",83,2012,0.109,78.6,1258.0,206.8,147,19.7,10.7,0,0,0,0,0,0,0,0,0,0,0,0,0,0,0,1,0,0,0,0,0,0,0,0,0,61.67741935,42.70967742,52.19354839,8.638709677,12.70967742,0.129032258,0.025483871,0.0,0.0,83,3,81.33333333333333,1.0204918032786885,1.6666666666666714
"2012-03-01T00:00:00","Receiving Stolen Property",2,2012,0.109,78.6,1258.0,206.8,147,19.7,10.7,0,0,0,0,0,0,0,0,0,0,0,0,0,0,0,0,0,0,0,0,0,0,0,0,1,61.67741935,42.70967742,52.19354839,8.638709677,12.70967742,0.129032258,0.025483871,0.0,0.0,2,3,7.5,0.26666666666666666,-5.5
"2012-03-01T00:00:00","Recovered Stolen Motor Vehicle",496,2012,0.109,78.6,1258.0,206.8,147,19.7,10.7,0,0,0,0,0,0,0,1,0,0,0,0,0,0,0,0,0,0,0,0,0,0,0,0,0,61.67741935,42.70967742,52.19354839,8.638709677,12.70967742,0.129032258,0.025483871,0.0,0.0,496,3,723.5,0.6855563234277816,-227.5
"2012-03-01T00:00:00","Robbery",570,2012,0.109,78.6,1258.0,206.8,147,19.7,10.7,0,0,0,0,0,0,0,0,1,0,0,0,0,0,0,0,0,0,0,0,0,0,0,0,0,61.67741935,42.70967742,52.19354839,8.638709677,12.70967742,0.129032258,0.025483871,0.0,0.0,570,3,660.6666666666666,0.8627648839556005,-90.66666666666663
"2012-03-01T00:00:00","Thefts",3112,2012,0.109,78.6,1258.0,206.8,147,19.7,10.7,1,0,0,0,0,0,0,0,0,0,0,0,0,0,0,0,0,0,0,0,0,0,0,0,0,61.67741935,42.70967742,52.19354839,8.638709677,12.70967742,0.129032258,0.025483871,0.0,0.0,3112,3,3407.1666666666665,0.9133688793229957,-295.1666666666665
"2012-03-01T00:00:00","Vagrancy/Loitering",37,2012,0.109,78.6,1258.0,206.8,147,19.7,10.7,0,0,0,0,0,0,0,0,0,0,0,0,0,0,0,0,0,1,0,0,0,0,0,0,0,61.67741935,42.70967742,52.19354839,8.638709677,12.70967742,0.129032258,0.025483871,0.0,0.0,37,3,64.83333333333333,0.5706940874035991,-27.83333333333333
"2012-03-01T00:00:00","Vandalism/Criminal Mischief",1480,2012,0.109,78.6,1258.0,206.8,147,19.7,10.7,0,0,0,1,0,0,0,0,0,0,0,0,0,0,0,0,0,0,0,0,0,0,0,0,0,61.67741935,42.70967742,52.19354839,8.638709677,12.70967742,0.129032258,0.025483871,0.0,0.0,1480,3,1650.5,0.8966979703120267,-170.5
"2012-03-01T00:00:00","Weapon Violations",146,2012,0.109,78.6,1258.0,206.8,147,19.7,10.7,0,0,0,0,0,0,0,0,0,0,0,0,1,0,0,0,0,0,0,0,0,0,0,0,0,61.67741935,42.70967742,52.19354839,8.638709677,12.70967742,0.129032258,0.025483871,0.0,0.0,146,3,181.33333333333334,0.8051470588235293,-35.33333333333334
"2012-04-01T00:00:00","Aggravated Assault",717,2012,0.109,78.6,1258.0,206.8,147,19.7,10.7,0,0,0,0,0,0,0,0,0,1,0,0,0,0,0,0,0,0,0,0,0,0,0,0,0,65.73333333,45.36666667,55.55,1.546666667,9.866666667,0.666666667,0.085,0.0,0.0,717,4,804.8333333333334,0.8908676744667633,-87.83333333333337
"2012-04-01T00:00:00","All Other Offenses",3548,2012,0.109,78.6,1258.0,206.8,147,19.7,10.7,0,1,0,0,0,0,0,0,0,0,0,0,0,0,0,0,0,0,0,0,0,0,0,0,0,65.73333333,45.36666667,55.55,1.546666667,9.866666667,0.666666667,0.085,0.0,0.0,3548,4,3648.6666666666665,0.9724100127900603,-100.66666666666652
"2012-04-01T00:00:00","Arson",47,2012,0.109,78.6,1258.0,206.8,147,19.7,10.7,0,0,0,0,0,0,0,0,0,0,0,0,0,0,0,0,0,0,1,0,0,0,0,0,0,65.73333333,45.36666667,55.55,1.546666667,9.866666667,0.666666667,0.085,0.0,0.0,47,4,48.666666666666664,0.9657534246575343,-1.6666666666666643
"2012-04-01T00:00:00","Burglary",882,2012,0.109,78.6,1258.0,206.8,147,19.7,10.7,0,0,0,0,0,1,0,0,0,0,0,0,0,0,0,0,0,0,0,0,0,0,0,0,0,65.73333333,45.36666667,55.55,1.546666667,9.866666667,0.666666667,0.085,0.0,0.0,882,4,845.1666666666666,1.043581147702623,36.83333333333337
"2012-04-01T00:00:00","DRIVING UNDER THE INFLUENCE",419,2012,0.109,78.6,1258.0,206.8,147,19.7,10.7,0,0,0,0,0,0,0,0,0,0,1,0,0,0,0,0,0,0,0,0,0,0,0,0,0,65.73333333,45.36666667,55.55,1.546666667,9.866666667,0.666666667,0.085,0.0,0.0,419,4,483.0,0.8674948240165632,-64.0
"2012-04-01T00:00:00","Disorderly Conduct",362,2012,0.109,78.6,1258.0,206.8,147,19.7,10.7,0,0,0,0,0,0,0,0,0,0,0,1,0,0,0,0,0,0,0,0,0,0,0,0,0,65.73333333,45.36666667,55.55,1.546666667,9.866666667,0.666666667,0.085,0.0,0.0,362,4,368.0,0.9836956521739131,-6.0
"2012-04-01T00:00:00","Drinking Violation",82,2012,0.109,78.6,1258.0,206.8,147,19.7,10.7,0,0,0,0,0,0,0,0,0,0,0,0,0,0,0,0,1,0,0,0,0,0,0,0,0,65.73333333,45.36666667,55.55,1.546666667,9.866666667,0.666666667,0.085,0.0,0.0,82,4,110.83333333333333,0.7398496240601504,-28.83333333333333
"2012-04-01T00:00:00","Embezzlement",28,2012,0.109,78.6,1258.0,206.8,147,19.7,10.7,0,0,0,0,0,0,0,0,0,0,0,0,0,0,0,0,0,0,0,0,1,0,0,0,0,65.73333333,45.36666667,55.55,1.546666667,9.866666667,0.666666667,0.085,0.0,0.0,28,4,35.166666666666664,0.7962085308056872,-7.166666666666664
"2012-04-01T00:00:00","Forgery and Counterfeiting",16,2012,0.109,78.6,1258.0,206.8,147,19.7,10.7,0,0,0,0,0,0,0,0,0,0,0,0,0,0,0,0,0,0,0,1,0,0,0,0,0,65.73333333,45.36666667,55.55,1.546666667,9.866666667,0.666666667,0.085,0.0,0.0,16,4,52.0,0.3076923076923077,-36.0
"2012-04-01T00:00:00","Fraud",756,2012,0.109,78.6,1258.0,206.8,147,19.7,10.7,0,0,0,0,0,0,1,0,0,0,0,0,0,0,0,0,0,0,0,0,0,0,0,0,0,65.73333333,45.36666667,55.55,1.546666667,9.866666667,0.666666667,0.085,0.0,0.0,756,4,824.0,0.9174757281553398,-68.0
"2012-04-01T00:00:00","Gambling Violations",4,2012,0.109,78.6,1258.0,206.8,147,19.7,10.7,0,0,0,0,0,0,0,0,0,0,0,0,0,0,0,0,0,0,0,0,0,0,0,1,0,65.73333333,45.36666667,55.55,1.546666667,9.866666667,0.666666667,0.085,0.0,0.0,4,4,11.5,0.34782608695652173,-7.5
"2012-04-01T00:00:00","Homicide",21,2012,0.109,78.6,1258.0,206.8,147,19.7,10.7,0,0,0,0,0,0,0,0,0,0,0,0,0,0,0,0,0,0,0,0,0,1,0,0,0,65.73333333,45.36666667,55.55,1.546666667,9.866666667,0.666666667,0.085,0.0,0.0,21,4,27.166666666666668,0.7730061349693251,-6.166666666666668
"2012-04-01T00:00:00","Narcotic / Drug Law Violations",1010,2012,0.109,78.6,1258.0,206.8,147,19.7,10.7,0,0,0,0,1,0,0,0,0,0,0,0,0,0,0,0,0,0,0,0,0,0,0,0,0,65.73333333,45.36666667,55.55,1.546666667,9.866666667,0.666666667,0.085,0.0,0.0,1010,4,1315.0,0.7680608365019012,-305.0
"2012-04-01T00:00:00","Offenses Against Family and Children",18,2012,0.109,78.6,1258.0,206.8,147,19.7,10.7,0,0,0,0,0,0,0,0,0,0,0,0,0,0,0,0,0,0,0,0,0,0,1,0,0,65.73333333,45.36666667,55.55,1.546666667,9.866666667,0.666666667,0.085,0.0,0.0,18,4,14.0,1.2857142857142858,4.0
"2012-04-01T00:00:00","Other Assaults",2061,2012,0.109,78.6,1258.0,206.8,147,19.7,10.7,0,0,1,0,0,0,0,0,0,0,0,0,0,0,0,0,0,0,0,0,0,0,0,0,0,65.73333333,45.36666667,55.55,1.546666667,9.866666667,0.666666667,0.085,0.0,0.0,2061,4,2298.8333333333335,0.8965417240629304,-237.83333333333348
"2012-04-01T00:00:00","Other Sex Offenses (Not Commercialized)",119,2012,0.109,78.6,1258.0,206.8,147,19.7,10.7,0,0,0,0,0,0,0,0,0,0,0,0,0,1,0,0,0,0,0,0,0,0,0,0,0,65.73333333,45.36666667,55.55,1.546666667,9.866666667,0.666666667,0.085,0.0,0.0,119,4,134.16666666666666,0.8869565217391305,-15.166666666666657
"2012-04-01T00:00:00","Prostitution and Commercialized Vice",91,2012,0.109,78.6,1258.0,206.8,147,19.7,10.7,0,0,0,0,0,0,0,0,0,0,0,0,0,0,1,0,0,0,0,0,0,0,0,0,0,65.73333333,45.36666667,55.55,1.546666667,9.866666667,0.666666667,0.085,0.0,0.0,91,4,102.83333333333333,0.8849270664505673,-11.833333333333329
"2012-04-01T00:00:00","Rape",68,2012,0.109,78.6,1258.0,206.8,147,19.7,10.7,0,0,0,0,0,0,0,0,0,0,0,0,0,0,0,1,0,0,0,0,0,0,0,0,0,65.73333333,45.36666667,55.55,1.546666667,9.866666667,0.666666667,0.085,0.0,0.0,68,4,73.66666666666667,0.923076923076923,-5.666666666666671
"2012-04-01T00:00:00","Receiving Stolen Property",2,2012,0.109,78.6,1258.0,206.8,147,19.7,10.7,0,0,0,0,0,0,0,0,0,0,0,0,0,0,0,0,0,0,0,0,0,0,0,0,1,65.73333333,45.36666667,55.55,1.546666667,9.866666667,0.666666667,0.085,0.0,0.0,2,4,7.166666666666667,0.27906976744186046,-5.166666666666667
"2012-04-01T00:00:00","Recovered Stolen Motor Vehicle",620,2012,0.109,78.6,1258.0,206.8,147,19.7,10.7,0,0,0,0,0,0,0,1,0,0,0,0,0,0,0,0,0,0,0,0,0,0,0,0,0,65.73333333,45.36666667,55.55,1.546666667,9.866666667,0.666666667,0.085,0.0,0.0,620,4,710.5,0.872624912033779,-90.5
"2012-04-01T00:00:00","Robbery",627,2012,0.109,78.6,1258.0,206.8,147,19.7,10.7,0,0,0,0,0,0,0,0,1,0,0,0,0,0,0,0,0,0,0,0,0,0,0,0,0,65.73333333,45.36666667,55.55,1.546666667,9.866666667,0.666666667,0.085,0.0,0.0,627,4,715.5,0.8763102725366876,-88.5
"2012-04-01T00:00:00","Thefts",3357,2012,0.109,78.6,1258.0,206.8,147,19.7,10.7,1,0,0,0,0,0,0,0,0,0,0,0,0,0,0,0,0,0,0,0,0,0,0,0,0,65.73333333,45.36666667,55.55,1.546666667,9.866666667,0.666666667,0.085,0.0,0.0,3357,4,3521.0,0.9534223232036353,-164.0
"2012-04-01T00:00:00","Vagrancy/Loitering",39,2012,0.109,78.6,1258.0,206.8,147,19.7,10.7,0,0,0,0,0,0,0,0,0,0,0,0,0,0,0,0,0,1,0,0,0,0,0,0,0,65.73333333,45.36666667,55.55,1.546666667,9.866666667,0.666666667,0.085,0.0,0.0,39,4,72.5,0.5379310344827586,-33.5
"2012-04-01T00:00:00","Vandalism/Criminal Mischief",1507,2012,0.109,78.6,1258.0,206.8,147,19.7,10.7,0,0,0,1,0,0,0,0,0,0,0,0,0,0,0,0,0,0,0,0,0,0,0,0,0,65.73333333,45.36666667,55.55,1.546666667,9.866666667,0.666666667,0.085,0.0,0.0,1507,4,1690.8333333333333,0.8912764908822081,-183.83333333333326
"2012-04-01T00:00:00","Weapon Violations",118,2012,0.109,78.6,1258.0,206.8,147,19.7,10.7,0,0,0,0,0,0,0,0,0,0,0,0,1,0,0,0,0,0,0,0,0,0,0,0,0,65.73333333,45.36666667,55.55,1.546666667,9.866666667,0.666666667,0.085,0.0,0.0,118,4,147.83333333333334,0.7981961668545658,-29.833333333333343
"2012-05-01T00:00:00","Aggravated Assault",810,2012,0.109,78.6,1258.0,206.8,147,19.7,10.7,0,0,0,0,0,0,0,0,0,1,0,0,0,0,0,0,0,0,0,0,0,0,0,0,0,77.16129032,59.16129032,68.16129032,4.261290323,1.096774194,4.516129032,0.108064516,0.0,0.0,810,5,873.6666666666666,0.9271270507439909,-63.66666666666663
"2012-05-01T00:00:00","All Other Offenses",3634,2012,0.109,78.6,1258.0,206.8,147,19.7,10.7,0,1,0,0,0,0,0,0,0,0,0,0,0,0,0,0,0,0,0,0,0,0,0,0,0,77.16129032,59.16129032,68.16129032,4.261290323,1.096774194,4.516129032,0.108064516,0.0,0.0,3634,5,3521.1666666666665,1.0320443034978937,112.83333333333348
"2012-05-01T00:00:00","Arson",63,2012,0.109,78.6,1258.0,206.8,147,19.7,10.7,0,0,0,0,0,0,0,0,0,0,0,0,0,0,0,0,0,0,1,0,0,0,0,0,0,77.16129032,59.16129032,68.16129032,4.261290323,1.096774194,4.516129032,0.108064516,0.0,0.0,63,5,50.5,1.2475247524752475,12.5
"2012-05-01T00:00:00","Burglary",926,2012,0.109,78.6,1258.0,206.8,147,19.7,10.7,0,0,0,0,0,1,0,0,0,0,0,0,0,0,0,0,0,0,0,0,0,0,0,0,0,77.16129032,59.16129032,68.16129032,4.261290323,1.096774194,4.516129032,0.108064516,0.0,0.0,926,5,944.0,0.9809322033898306,-18.0
"2012-05-01T00:00:00","DRIVING UNDER THE INFLUENCE",379,2012,0.109,78.6,1258.0,206.8,147,19.7,10.7,0,0,0,0,0,0,0,0,0,0,1,0,0,0,0,0,0,0,0,0,0,0,0,0,0,77.16129032,59.16129032,68.16129032,4.261290323,1.096774194,4.516129032,0.108064516,0.0,0.0,379,5,449.1666666666667,0.8437847866419295,-70.16666666666669
"2012-05-01T00:00:00","Disorderly Conduct",372,2012,0.109,78.6,1258.0,206.8,147,19.7,10.7,0,0,0,0,0,0,0,0,0,0,0,1,0,0,0,0,0,0,0,0,0,0,0,0,0,77.16129032,59.16129032,68.16129032,4.261290323,1.096774194,4.516129032,0.108064516,0.0,0.0,372,5,407.6666666666667,0.9125102207686018,-35.666666666666686
"2012-05-01T00:00:00","Drinking Violation",70,2012,0.109,78.6,1258.0,206.8,147,19.7,10.7,0,0,0,0,0,0,0,0,0,0,0,0,0,0,0,0,1,0,0,0,0,0,0,0,0,77.16129032,59.16129032,68.16129032,4.261290323,1.096774194,4.516129032,0.108064516,0.0,0.0,70,5,125.33333333333333,0.5585106382978724,-55.33333333333333
"2012-05-01T00:00:00","Embezzlement",38,2012,0.109,78.6,1258.0,206.8,147,19.7,10.7,0,0,0,0,0,0,0,0,0,0,0,0,0,0,0,0,0,0,0,0,1,0,0,0,0,77.16129032,59.16129032,68.16129032,4.261290323,1.096774194,4.516129032,0.108064516,0.0,0.0,38,5,33.5,1.1343283582089552,4.5
"2012-05-01T00:00:00","Forgery and Counterfeiting",15,2012,0.109,78.6,1258.0,206.8,147,19.7,10.7,0,0,0,0,0,0,0,0,0,0,0,0,0,0,0,0,0,0,0,1,0,0,0,0,0,77.16129032,59.16129032,68.16129032,4.261290323,1.096774194,4.516129032,0.108064516,0.0,0.0,15,5,57.0,0.2631578947368421,-42.0
"2012-05-01T00:00:00","Fraud",731,2012,0.109,78.6,1258.0,206.8,147,19.7,10.7,0,0,0,0,0,0,1,0,0,0,0,0,0,0,0,0,0,0,0,0,0,0,0,0,0,77.16129032,59.16129032,68.16129032,4.261290323,1.096774194,4.516129032,0.108064516,0.0,0.0,731,5,814.3333333333334,0.8976668031109292,-83.33333333333337
"2012-05-01T00:00:00","Gambling Violations",14,2012,0.109,78.6,1258.0,206.8,147,19.7,10.7,0,0,0,0,0,0,0,0,0,0,0,0,0,0,0,0,0,0,0,0,0,0,0,1,0,77.16129032,59.16129032,68.16129032,4.261290323,1.096774194,4.516129032,0.108064516,0.0,0.0,14,5,12.333333333333334,1.135135135135135,1.666666666666666
"2012-05-01T00:00:00","Homicide",44,2012,0.109,78.6,1258.0,206.8,147,19.7,10.7,0,0,0,0,0,0,0,0,0,0,0,0,0,0,0,0,0,0,0,0,0,1,0,0,0,77.16129032,59.16129032,68.16129032,4.261290323,1.096774194,4.516129032,0.108064516,0.0,0.0,44,5,26.666666666666668,1.65,17.333333333333332
"2012-05-01T00:00:00","Narcotic / Drug Law Violations",1081,2012,0.109,78.6,1258.0,206.8,147,19.7,10.7,0,0,0,0,1,0,0,0,0,0,0,0,0,0,0,0,0,0,0,0,0,0,0,0,0,77.16129032,59.16129032,68.16129032,4.261290323,1.096774194,4.516129032,0.108064516,0.0,0.0,1081,5,1243.5,0.8693204664254122,-162.5
"2012-05-01T00:00:00","Offenses Against Family and Children",18,2012,0.109,78.6,1258.0,206.8,147,19.7,10.7,0,0,0,0,0,0,0,0,0,0,0,0,0,0,0,0,0,0,0,0,0,0,1,0,0,77.16129032,59.16129032,68.16129032,4.261290323,1.096774194,4.516129032,0.108064516,0.0,0.0,18,5,18.0,1.0,0.0
"2012-05-01T00:00:00","Other Assaults",2473,2012,0.109,78.6,1258.0,206.8,147,19.7,10.7,0,0,1,0,0,0,0,0,0,0,0,0,0,0,0,0,0,0,0,0,0,0,0,0,0,77.16129032,59.16129032,68.16129032,4.261290323,1.096774194,4.516129032,0.108064516,0.0,0.0,2473,5,2437.5,1.0145641025641026,35.5
"2012-05-01T00:00:00","Other Sex Offenses (Not Commercialized)",183,2012,0.109,78.6,1258.0,206.8,147,19.7,10.7,0,0,0,0,0,0,0,0,0,0,0,0,0,1,0,0,0,0,0,0,0,0,0,0,0,77.16129032,59.16129032,68.16129032,4.261290323,1.096774194,4.516129032,0.108064516,0.0,0.0,183,5,147.0,1.2448979591836735,36.0
"2012-05-01T00:00:00","Prostitution and Commercialized Vice",133,2012,0.109,78.6,1258.0,206.8,147,19.7,10.7,0,0,0,0,0,0,0,0,0,0,0,0,0,0,1,0,0,0,0,0,0,0,0,0,0,77.16129032,59.16129032,68.16129032,4.261290323,1.096774194,4.516129032,0.108064516,0.0,0.0,133,5,102.66666666666667,1.2954545454545454,30.33333333333333
"2012-05-01T00:00:00","Rape",88,2012,0.109,78.6,1258.0,206.8,147,19.7,10.7,0,0,0,0,0,0,0,0,0,0,0,0,0,0,0,1,0,0,0,0,0,0,0,0,0,77.16129032,59.16129032,68.16129032,4.261290323,1.096774194,4.516129032,0.108064516,0.0,0.0,88,5,86.33333333333333,1.0193050193050193,1.6666666666666714
"2012-05-01T00:00:00","Receiving Stolen Property",5,2012,0.109,78.6,1258.0,206.8,147,19.7,10.7,0,0,0,0,0,0,0,0,0,0,0,0,0,0,0,0,0,0,0,0,0,0,0,0,1,77.16129032,59.16129032,68.16129032,4.261290323,1.096774194,4.516129032,0.108064516,0.0,0.0,5,5,6.666666666666667,0.75,-1.666666666666667
"2012-05-01T00:00:00","Recovered Stolen Motor Vehicle",629,2012,0.109,78.6,1258.0,206.8,147,19.7,10.7,0,0,0,0,0,0,0,1,0,0,0,0,0,0,0,0,0,0,0,0,0,0,0,0,0,77.16129032,59.16129032,68.16129032,4.261290323,1.096774194,4.516129032,0.108064516,0.0,0.0,629,5,767.3333333333334,0.8197219808861859,-138.33333333333337
"2012-05-01T00:00:00","Robbery",644,2012,0.109,78.6,1258.0,206.8,147,19.7,10.7,0,0,0,0,0,0,0,0,1,0,0,0,0,0,0,0,0,0,0,0,0,0,0,0,0,77.16129032,59.16129032,68.16129032,4.261290323,1.096774194,4.516129032,0.108064516,0.0,0.0,644,5,772.8333333333334,0.8332973905542376,-128.83333333333337
"2012-05-01T00:00:00","Thefts",3564,2012,0.109,78.6,1258.0,206.8,147,19.7,10.7,1,0,0,0,0,0,0,0,0,0,0,0,0,0,0,0,0,0,0,0,0,0,0,0,0,77.16129032,59.16129032,68.16129032,4.261290323,1.096774194,4.516129032,0.108064516,0.0,0.0,3564,5,3871.8333333333335,0.9204941672764839,-307.8333333333335
"2012-05-01T00:00:00","Vagrancy/Loitering",35,2012,0.109,78.6,1258.0,206.8,147,19.7,10.7,0,0,0,0,0,0,0,0,0,0,0,0,0,0,0,0,0,1,0,0,0,0,0,0,0,77.16129032,59.16129032,68.16129032,4.261290323,1.096774194,4.516129032,0.108064516,0.0,0.0,35,5,65.83333333333333,0.5316455696202532,-30.83333333333333
"2012-05-01T00:00:00","Vandalism/Criminal Mischief",1566,2012,0.109,78.6,1258.0,206.8,147,19.7,10.7,0,0,0,1,0,0,0,0,0,0,0,0,0,0,0,0,0,0,0,0,0,0,0,0,0,77.16129032,59.16129032,68.16129032,4.261290323,1.096774194,4.516129032,0.108064516,0.0,0.0,1566,5,1741.3333333333333,0.8993108728943339,-175.33333333333326
"2012-05-01T00:00:00","Weapon Violations",143,2012,0.109,78.6,1258.0,206.8,147,19.7,10.7,0,0,0,0,0,0,0,0,0,0,0,0,1,0,0,0,0,0,0,0,0,0,0,0,0,77.16129032,59.16129032,68.16129032,4.261290323,1.096774194,4.516129032,0.108064516,0.0,0.0,143,5,168.66666666666666,0.8478260869565218,-25.666666666666657
"2012-06-01T00:00:00","Aggravated Assault",812,2012,0.109,78.6,1258.0,206.8,147,19.7,10.7,0,0,0,0,0,0,0,0,0,1,0,0,0,0,0,0,0,0,0,0,0,0,0,0,0,83.43333333,63.66666667,73.55,0.3,0.233333333,9.0,0.098,0.0,0.0,812,6,863.5,0.9403590040532716,-51.5
"2012-06-01T00:00:00","All Other Offenses",3933,2012,0.109,78.6,1258.0,206.8,147,19.7,10.7,0,1,0,0,0,0,0,0,0,0,0,0,0,0,0,0,0,0,0,0,0,0,0,0,0,83.43333333,63.66666667,73.55,0.3,0.233333333,9.0,0.098,0.0,0.0,3933,6,4028.6666666666665,0.9762535164653319,-95.66666666666652
"2012-06-01T00:00:00","Arson",49,2012,0.109,78.6,1258.0,206.8,147,19.7,10.7,0,0,0,0,0,0,0,0,0,0,0,0,0,0,0,0,0,0,1,0,0,0,0,0,0,83.43333333,63.66666667,73.55,0.3,0.233333333,9.0,0.098,0.0,0.0,49,6,46.5,1.053763440860215,2.5
"2012-06-01T00:00:00","Burglary",1000,2012,0.109,78.6,1258.0,206.8,147,19.7,10.7,0,0,0,0,0,1,0,0,0,0,0,0,0,0,0,0,0,0,0,0,0,0,0,0,0,83.43333333,63.66666667,73.55,0.3,0.233333333,9.0,0.098,0.0,0.0,1000,6,947.3333333333334,1.0555946516537649,52.66666666666663
"2012-06-01T00:00:00","DRIVING UNDER THE INFLUENCE",356,2012,0.109,78.6,1258.0,206.8,147,19.7,10.7,0,0,0,0,0,0,0,0,0,0,1,0,0,0,0,0,0,0,0,0,0,0,0,0,0,83.43333333,63.66666667,73.55,0.3,0.233333333,9.0,0.098,0.0,0.0,356,6,398.1666666666667,0.8940979489326077,-42.166666666666686
"2012-06-01T00:00:00","Disorderly Conduct",346,2012,0.109,78.6,1258.0,206.8,147,19.7,10.7,0,0,0,0,0,0,0,0,0,0,0,1,0,0,0,0,0,0,0,0,0,0,0,0,0,83.43333333,63.66666667,73.55,0.3,0.233333333,9.0,0.098,0.0,0.0,346,6,336.5,1.0282317979197622,9.5
"2012-06-01T00:00:00","Drinking Violation",148,2012,0.109,78.6,1258.0,206.8,147,19.7,10.7,0,0,0,0,0,0,0,0,0,0,0,0,0,0,0,0,1,0,0,0,0,0,0,0,0,83.43333333,63.66666667,73.55,0.3,0.233333333,9.0,0.098,0.0,0.0,148,6,93.33333333333333,1.5857142857142859,54.66666666666667
"2012-06-01T00:00:00","Embezzlement",35,2012,0.109,78.6,1258.0,206.8,147,19.7,10.7,0,0,0,0,0,0,0,0,0,0,0,0,0,0,0,0,0,0,0,0,1,0,0,0,0,83.43333333,63.66666667,73.55,0.3,0.233333333,9.0,0.098,0.0,0.0,35,6,40.0,0.875,-5.0
"2012-06-01T00:00:00","Forgery and Counterfeiting",28,2012,0.109,78.6,1258.0,206.8,147,19.7,10.7,0,0,0,0,0,0,0,0,0,0,0,0,0,0,0,0,0,0,0,1,0,0,0,0,0,83.43333333,63.66666667,73.55,0.3,0.233333333,9.0,0.098,0.0,0.0,28,6,47.833333333333336,0.5853658536585366,-19.833333333333336
"2012-06-01T00:00:00","Fraud",762,2012,0.109,78.6,1258.0,206.8,147,19.7,10.7,0,0,0,0,0,0,1,0,0,0,0,0,0,0,0,0,0,0,0,0,0,0,0,0,0,83.43333333,63.66666667,73.55,0.3,0.233333333,9.0,0.098,0.0,0.0,762,6,823.8333333333334,0.9249443657697753,-61.83333333333337
"2012-06-01T00:00:00","Gambling Violations",5,2012,0.109,78.6,1258.0,206.8,147,19.7,10.7,0,0,0,0,0,0,0,0,0,0,0,0,0,0,0,0,0,0,0,0,0,0,0,1,0,83.43333333,63.66666667,73.55,0.3,0.233333333,9.0,0.098,0.0,0.0,5,6,13.0,0.38461538461538464,-8.0
"2012-06-01T00:00:00","Homicide",31,2012,0.109,78.6,1258.0,206.8,147,19.7,10.7,0,0,0,0,0,0,0,0,0,0,0,0,0,0,0,0,0,0,0,0,0,1,0,0,0,83.43333333,63.66666667,73.55,0.3,0.233333333,9.0,0.098,0.0,0.0,31,6,32.333333333333336,0.9587628865979381,-1.3333333333333357
"2012-06-01T00:00:00","Narcotic / Drug Law Violations",974,2012,0.109,78.6,1258.0,206.8,147,19.7,10.7,0,0,0,0,1,0,0,0,0,0,0,0,0,0,0,0,0,0,0,0,0,0,0,0,0,83.43333333,63.66666667,73.55,0.3,0.233333333,9.0,0.098,0.0,0.0,974,6,1189.3333333333333,0.8189461883408072,-215.33333333333326
"2012-06-01T00:00:00","Offenses Against Family and Children",17,2012,0.109,78.6,1258.0,206.8,147,19.7,10.7,0,0,0,0,0,0,0,0,0,0,0,0,0,0,0,0,0,0,0,0,0,0,1,0,0,83.43333333,63.66666667,73.55,0.3,0.233333333,9.0,0.098,0.0,0.0,17,6,14.666666666666666,1.1590909090909092,2.333333333333334
"2012-06-01T00:00:00","Other Assaults",2203,2012,0.109,78.6,1258.0,206.8,147,19.7,10.7,0,0,1,0,0,0,0,0,0,0,0,0,0,0,0,0,0,0,0,0,0,0,0,0,0,83.43333333,63.66666667,73.55,0.3,0.233333333,9.0,0.098,0.0,0.0,2203,6,2220.6666666666665,0.9920444311017713,-17.666666666666515
"2012-06-01T00:00:00","Other Sex Offenses (Not Commercialized)",148,2012,0.109,78.6,1258.0,206.8,147,19.7,10.7,0,0,0,0,0,0,0,0,0,0,0,0,0,1,0,0,0,0,0,0,0,0,0,0,0,83.43333333,63.66666667,73.55,0.3,0.233333333,9.0,0.098,0.0,0.0,148,6,129.5,1.1428571428571428,18.5
"2012-06-01T00:00:00","Prostitution and Commercialized Vice",125,2012,0.109,78.6,1258.0,206.8,147,19.7,10.7,0,0,0,0,0,0,0,0,0,0,0,0,0,0,1,0,0,0,0,0,0,0,0,0,0,83.43333333,63.66666667,73.55,0.3,0.233333333,9.0,0.098,0.0,0.0,125,6,106.83333333333333,1.1700468018720749,18.16666666666667
"2012-06-01T00:00:00","Rape",77,2012,0.109,78.6,1258.0,206.8,147,19.7,10.7,0,0,0,0,0,0,0,0,0,0,0,0,0,0,0,1,0,0,0,0,0,0,0,0,0,83.43333333,63.66666667,73.55,0.3,0.233333333,9.0,0.098,0.0,0.0,77,6,81.33333333333333,0.9467213114754099,-4.333333333333329
"2012-06-01T00:00:00","Receiving Stolen Property",2,2012,0.109,78.6,1258.0,206.8,147,19.7,10.7,0,0,0,0,0,0,0,0,0,0,0,0,0,0,0,0,0,0,0,0,0,0,0,0,1,83.43333333,63.66666667,73.55,0.3,0.233333333,9.0,0.098,0.0,0.0,2,6,7.5,0.26666666666666666,-5.5
"2012-06-01T00:00:00","Recovered Stolen Motor Vehicle",720,2012,0.109,78.6,1258.0,206.8,147,19.7,10.7,0,0,0,0,0,0,0,1,0,0,0,0,0,0,0,0,0,0,0,0,0,0,0,0,0,83.43333333,63.66666667,73.55,0.3,0.233333333,9.0,0.098,0.0,0.0,720,6,776.6666666666666,0.9270386266094421,-56.66666666666663
"2012-06-01T00:00:00","Robbery",616,2012,0.109,78.6,1258.0,206.8,147,19.7,10.7,0,0,0,0,0,0,0,0,1,0,0,0,0,0,0,0,0,0,0,0,0,0,0,0,0,83.43333333,63.66666667,73.55,0.3,0.233333333,9.0,0.098,0.0,0.0,616,6,746.6666666666666,0.8250000000000001,-130.66666666666663
"2012-06-01T00:00:00","Thefts",3500,2012,0.109,78.6,1258.0,206.8,147,19.7,10.7,1,0,0,0,0,0,0,0,0,0,0,0,0,0,0,0,0,0,0,0,0,0,0,0,0,83.43333333,63.66666667,73.55,0.3,0.233333333,9.0,0.098,0.0,0.0,3500,6,3962.6666666666665,0.8832436069986541,-462.6666666666665
"2012-06-01T00:00:00","Vagrancy/Loitering",27,2012,0.109,78.6,1258.0,206.8,147,19.7,10.7,0,0,0,0,0,0,0,0,0,0,0,0,0,0,0,0,0,1,0,0,0,0,0,0,0,83.43333333,63.66666667,73.55,0.3,0.233333333,9.0,0.098,0.0,0.0,27,6,74.0,0.36486486486486486,-47.0
"2012-06-01T00:00:00","Vandalism/Criminal Mischief",1430,2012,0.109,78.6,1258.0,206.8,147,19.7,10.7,0,0,0,1,0,0,0,0,0,0,0,0,0,0,0,0,0,0,0,0,0,0,0,0,0,83.43333333,63.66666667,73.55,0.3,0.233333333,9.0,0.098,0.0,0.0,1430,6,1733.3333333333333,0.8250000000000001,-303.33333333333326
"2012-06-01T00:00:00","Weapon Violations",102,2012,0.109,78.6,1258.0,206.8,147,19.7,10.7,0,0,0,0,0,0,0,0,0,0,0,0,1,0,0,0,0,0,0,0,0,0,0,0,0,83.43333333,63.66666667,73.55,0.3,0.233333333,9.0,0.098,0.0,0.0,102,6,126.66666666666667,0.8052631578947368,-24.66666666666667
"2012-07-01T00:00:00","Aggravated Assault",849,2012,0.109,78.6,1258.0,206.8,147,19.7,10.7,0,0,0,0,0,0,0,0,0,1,0,0,0,0,0,0,0,0,0,0,0,0,0,0,0,90.80645161,72.70967742,81.75806452,3.606451613,0.0,17.0,0.047741935,0.0,0.0,849,7,898.0,0.9454342984409799,-49.0
"2012-07-01T00:00:00","All Other Offenses",3706,2012,0.109,78.6,1258.0,206.8,147,19.7,10.7,0,1,0,0,0,0,0,0,0,0,0,0,0,0,0,0,0,0,0,0,0,0,0,0,0,90.80645161,72.70967742,81.75806452,3.606451613,0.0,17.0,0.047741935,0.0,0.0,3706,7,4264.5,0.8690350568648142,-558.5
"2012-07-01T00:00:00","Arson",43,2012,0.109,78.6,1258.0,206.8,147,19.7,10.7,0,0,0,0,0,0,0,0,0,0,0,0,0,0,0,0,0,0,1,0,0,0,0,0,0,90.80645161,72.70967742,81.75806452,3.606451613,0.0,17.0,0.047741935,0.0,0.0,43,7,46.5,0.9247311827956989,-3.5
"2012-07-01T00:00:00","Burglary",1029,2012,0.109,78.6,1258.0,206.8,147,19.7,10.7,0,0,0,0,0,1,0,0,0,0,0,0,0,0,0,0,0,0,0,0,0,0,0,0,0,90.80645161,72.70967742,81.75806452,3.606451613,0.0,17.0,0.047741935,0.0,0.0,1029,7,1037.8333333333333,0.9914886783362776,-8.833333333333258
"2012-07-01T00:00:00","DRIVING UNDER THE INFLUENCE",338,2012,0.109,78.6,1258.0,206.8,147,19.7,10.7,0,0,0,0,0,0,0,0,0,0,1,0,0,0,0,0,0,0,0,0,0,0,0,0,0,90.80645161,72.70967742,81.75806452,3.606451613,0.0,17.0,0.047741935,0.0,0.0,338,7,380.6666666666667,0.8879159369527145,-42.666666666666686
"2012-07-01T00:00:00","Disorderly Conduct",324,2012,0.109,78.6,1258.0,206.8,147,19.7,10.7,0,0,0,0,0,0,0,0,0,0,0,1,0,0,0,0,0,0,0,0,0,0,0,0,0,90.80645161,72.70967742,81.75806452,3.606451613,0.0,17.0,0.047741935,0.0,0.0,324,7,346.0,0.9364161849710982,-22.0
"2012-07-01T00:00:00","Drinking Violation",67,2012,0.109,78.6,1258.0,206.8,147,19.7,10.7,0,0,0,0,0,0,0,0,0,0,0,0,0,0,0,0,1,0,0,0,0,0,0,0,0,90.80645161,72.70967742,81.75806452,3.606451613,0.0,17.0,0.047741935,0.0,0.0,67,7,81.66666666666667,0.8204081632653061,-14.666666666666671
"2012-07-01T00:00:00","Embezzlement",35,2012,0.109,78.6,1258.0,206.8,147,19.7,10.7,0,0,0,0,0,0,0,0,0,0,0,0,0,0,0,0,0,0,0,0,1,0,0,0,0,90.80645161,72.70967742,81.75806452,3.606451613,0.0,17.0,0.047741935,0.0,0.0,35,7,38.0,0.9210526315789473,-3.0
"2012-07-01T00:00:00","Forgery and Counterfeiting",21,2012,0.109,78.6,1258.0,206.8,147,19.7,10.7,0,0,0,0,0,0,0,0,0,0,0,0,0,0,0,0,0,0,0,1,0,0,0,0,0,90.80645161,72.70967742,81.75806452,3.606451613,0.0,17.0,0.047741935,0.0,0.0,21,7,51.5,0.4077669902912621,-30.5
"2012-07-01T00:00:00","Fraud",817,2012,0.109,78.6,1258.0,206.8,147,19.7,10.7,0,0,0,0,0,0,1,0,0,0,0,0,0,0,0,0,0,0,0,0,0,0,0,0,0,90.80645161,72.70967742,81.75806452,3.606451613,0.0,17.0,0.047741935,0.0,0.0,817,7,814.8333333333334,1.0026590304765801,2.1666666666666288
"2012-07-01T00:00:00","Gambling Violations",7,2012,0.109,78.6,1258.0,206.8,147,19.7,10.7,0,0,0,0,0,0,0,0,0,0,0,0,0,0,0,0,0,0,0,0,0,0,0,1,0,90.80645161,72.70967742,81.75806452,3.606451613,0.0,17.0,0.047741935,0.0,0.0,7,7,13.5,0.5185185185185185,-6.5
"2012-07-01T00:00:00","Homicide",23,2012,0.109,78.6,1258.0,206.8,147,19.7,10.7,0,0,0,0,0,0,0,0,0,0,0,0,0,0,0,0,0,0,0,0,0,1,0,0,0,90.80645161,72.70967742,81.75806452,3.606451613,0.0,17.0,0.047741935,0.0,0.0,23,7,34.0,0.6764705882352942,-11.0
"2012-07-01T00:00:00","Narcotic / Drug Law Violations",935,2012,0.109,78.6,1258.0,206.8,147,19.7,10.7,0,0,0,0,1,0,0,0,0,0,0,0,0,0,0,0,0,0,0,0,0,0,0,0,0,90.80645161,72.70967742,81.75806452,3.606451613,0.0,17.0,0.047741935,0.0,0.0,935,7,1178.5,0.7933814170555791,-243.5
"2012-07-01T00:00:00","Offenses Against Family and Children",12,2012,0.109,78.6,1258.0,206.8,147,19.7,10.7,0,0,0,0,0,0,0,0,0,0,0,0,0,0,0,0,0,0,0,0,0,0,1,0,0,90.80645161,72.70967742,81.75806452,3.606451613,0.0,17.0,0.047741935,0.0,0.0,12,7,17.333333333333332,0.6923076923076924,-5.333333333333332
"2012-07-01T00:00:00","Other Assaults",2114,2012,0.109,78.6,1258.0,206.8,147,19.7,10.7,0,0,1,0,0,0,0,0,0,0,0,0,0,0,0,0,0,0,0,0,0,0,0,0,0,90.80645161,72.70967742,81.75806452,3.606451613,0.0,17.0,0.047741935,0.0,0.0,2114,7,2141.6666666666665,0.9870817120622569,-27.666666666666515
"2012-07-01T00:00:00","Other Sex Offenses (Not Commercialized)",141,2012,0.109,78.6,1258.0,206.8,147,19.7,10.7,0,0,0,0,0,0,0,0,0,0,0,0,0,1,0,0,0,0,0,0,0,0,0,0,0,90.80645161,72.70967742,81.75806452,3.606451613,0.0,17.0,0.047741935,0.0,0.0,141,7,130.16666666666666,1.0832266325224071,10.833333333333343
"2012-07-01T00:00:00","Prostitution and Commercialized Vice",118,2012,0.109,78.6,1258.0,206.8,147,19.7,10.7,0,0,0,0,0,0,0,0,0,0,0,0,0,0,1,0,0,0,0,0,0,0,0,0,0,90.80645161,72.70967742,81.75806452,3.606451613,0.0,17.0,0.047741935,0.0,0.0,118,7,83.33333333333333,1.4160000000000001,34.66666666666667
"2012-07-01T00:00:00","Rape",94,2012,0.109,78.6,1258.0,206.8,147,19.7,10.7,0,0,0,0,0,0,0,0,0,0,0,0,0,0,0,1,0,0,0,0,0,0,0,0,0,90.80645161,72.70967742,81.75806452,3.606451613,0.0,17.0,0.047741935,0.0,0.0,94,7,90.16666666666667,1.042513863216266,3.8333333333333286
"2012-07-01T00:00:00","Receiving Stolen Property",3,2012,0.109,78.6,1258.0,206.8,147,19.7,10.7,0,0,0,0,0,0,0,0,0,0,0,0,0,0,0,0,0,0,0,0,0,0,0,0,1,90.80645161,72.70967742,81.75806452,3.606451613,0.0,17.0,0.047741935,0.0,0.0,3,7,7.166666666666667,0.41860465116279066,-4.166666666666667
"2012-07-01T00:00:00","Recovered Stolen Motor Vehicle",812,2012,0.109,78.6,1258.0,206.8,147,19.7,10.7,0,0,0,0,0,0,0,1,0,0,0,0,0,0,0,0,0,0,0,0,0,0,0,0,0,90.80645161,72.70967742,81.75806452,3.606451613,0.0,17.0,0.047741935,0.0,0.0,812,7,868.0,0.9354838709677419,-56.0
"2012-07-01T00:00:00","Robbery",734,2012,0.109,78.6,1258.0,206.8,147,19.7,10.7,0,0,0,0,0,0,0,0,1,0,0,0,0,0,0,0,0,0,0,0,0,0,0,0,0,90.80645161,72.70967742,81.75806452,3.606451613,0.0,17.0,0.047741935,0.0,0.0,734,7,797.1666666666666,0.920761028643111,-63.16666666666663
"2012-07-01T00:00:00","Thefts",3504,2012,0.109,78.6,1258.0,206.8,147,19.7,10.7,1,0,0,0,0,0,0,0,0,0,0,0,0,0,0,0,0,0,0,0,0,0,0,0,0,90.80645161,72.70967742,81.75806452,3.606451613,0.0,17.0,0.047741935,0.0,0.0,3504,7,4077.1666666666665,0.8594203490986388,-573.1666666666665
"2012-07-01T00:00:00","Vagrancy/Loitering",29,2012,0.109,78.6,1258.0,206.8,147,19.7,10.7,0,0,0,0,0,0,0,0,0,0,0,0,0,0,0,0,0,1,0,0,0,0,0,0,0,90.80645161,72.70967742,81.75806452,3.606451613,0.0,17.0,0.047741935,0.0,0.0,29,7,65.16666666666667,0.4450127877237851,-36.16666666666667
"2012-07-01T00:00:00","Vandalism/Criminal Mischief",1528,2012,0.109,78.6,1258.0,206.8,147,19.7,10.7,0,0,0,1,0,0,0,0,0,0,0,0,0,0,0,0,0,0,0,0,0,0,0,0,0,90.80645161,72.70967742,81.75806452,3.606451613,0.0,17.0,0.047741935,0.0,0.0,1528,7,1859.3333333333333,0.8217999282897096,-331.33333333333326
"2012-07-01T00:00:00","Weapon Violations",103,2012,0.109,78.6,1258.0,206.8,147,19.7,10.7,0,0,0,0,0,0,0,0,0,0,0,0,1,0,0,0,0,0,0,0,0,0,0,0,0,90.80645161,72.70967742,81.75806452,3.606451613,0.0,17.0,0.047741935,0.0,0.0,103,7,120.16666666666667,0.8571428571428571,-17.16666666666667
"2012-08-01T00:00:00","Aggravated Assault",818,2012,0.109,78.6,1258.0,206.8,147,19.7,10.7,0,0,0,0,0,0,0,0,0,1,0,0,0,0,0,0,0,0,0,0,0,0,0,0,0,86.90322581,70.35483871,78.62903226,2.041935484,0.0,13.87096774,0.173225806,0.0,0.0,818,8,838.5,0.975551580202743,-20.5
"2012-08-01T00:00:00","All Other Offenses",3623,2012,0.109,78.6,1258.0,206.8,147,19.7,10.7,0,1,0,0,0,0,0,0,0,0,0,0,0,0,0,0,0,0,0,0,0,0,0,0,0,86.90322581,70.35483871,78.62903226,2.041935484,0.0,13.87096774,0.173225806,0.0,0.0,3623,8,4453.166666666667,0.8135783524832516,-830.166666666667
"2012-08-01T00:00:00","Arson",50,2012,0.109,78.6,1258.0,206.8,147,19.7,10.7,0,0,0,0,0,0,0,0,0,0,0,0,0,0,0,0,0,0,1,0,0,0,0,0,0,86.90322581,70.35483871,78.62903226,2.041935484,0.0,13.87096774,0.173225806,0.0,0.0,50,8,50.333333333333336,0.9933774834437086,-0.3333333333333357
"2012-08-01T00:00:00","Burglary",1182,2012,0.109,78.6,1258.0,206.8,147,19.7,10.7,0,0,0,0,0,1,0,0,0,0,0,0,0,0,0,0,0,0,0,0,0,0,0,0,0,86.90322581,70.35483871,78.62903226,2.041935484,0.0,13.87096774,0.173225806,0.0,0.0,1182,8,1116.1666666666667,1.0589816335672688,65.83333333333326
"2012-08-01T00:00:00","DRIVING UNDER THE INFLUENCE",289,2012,0.109,78.6,1258.0,206.8,147,19.7,10.7,0,0,0,0,0,0,0,0,0,0,1,0,0,0,0,0,0,0,0,0,0,0,0,0,0,86.90322581,70.35483871,78.62903226,2.041935484,0.0,13.87096774,0.173225806,0.0,0.0,289,8,393.8333333333333,0.7338129496402878,-104.83333333333331
"2012-08-01T00:00:00","Disorderly Conduct",317,2012,0.109,78.6,1258.0,206.8,147,19.7,10.7,0,0,0,0,0,0,0,0,0,0,0,1,0,0,0,0,0,0,0,0,0,0,0,0,0,86.90322581,70.35483871,78.62903226,2.041935484,0.0,13.87096774,0.173225806,0.0,0.0,317,8,309.1666666666667,1.0253369272237196,7.833333333333314
"2012-08-01T00:00:00","Drinking Violation",79,2012,0.109,78.6,1258.0,206.8,147,19.7,10.7,0,0,0,0,0,0,0,0,0,0,0,0,0,0,0,0,1,0,0,0,0,0,0,0,0,86.90322581,70.35483871,78.62903226,2.041935484,0.0,13.87096774,0.173225806,0.0,0.0,79,8,97.0,0.8144329896907216,-18.0
"2012-08-01T00:00:00","Embezzlement",27,2012,0.109,78.6,1258.0,206.8,147,19.7,10.7,0,0,0,0,0,0,0,0,0,0,0,0,0,0,0,0,0,0,0,0,1,0,0,0,0,86.90322581,70.35483871,78.62903226,2.041935484,0.0,13.87096774,0.173225806,0.0,0.0,27,8,42.0,0.6428571428571429,-15.0
"2012-08-01T00:00:00","Forgery and Counterfeiting",25,2012,0.109,78.6,1258.0,206.8,147,19.7,10.7,0,0,0,0,0,0,0,0,0,0,0,0,0,0,0,0,0,0,0,1,0,0,0,0,0,86.90322581,70.35483871,78.62903226,2.041935484,0.0,13.87096774,0.173225806,0.0,0.0,25,8,46.666666666666664,0.5357142857142857,-21.666666666666664
"2012-08-01T00:00:00","Fraud",738,2012,0.109,78.6,1258.0,206.8,147,19.7,10.7,0,0,0,0,0,0,1,0,0,0,0,0,0,0,0,0,0,0,0,0,0,0,0,0,0,86.90322581,70.35483871,78.62903226,2.041935484,0.0,13.87096774,0.173225806,0.0,0.0,738,8,841.5,0.8770053475935828,-103.5
"2012-08-01T00:00:00","Gambling Violations",3,2012,0.109,78.6,1258.0,206.8,147,19.7,10.7,0,0,0,0,0,0,0,0,0,0,0,0,0,0,0,0,0,0,0,0,0,0,0,1,0,86.90322581,70.35483871,78.62903226,2.041935484,0.0,13.87096774,0.173225806,0.0,0.0,3,8,11.666666666666666,0.2571428571428572,-8.666666666666666
"2012-08-01T00:00:00","Homicide",27,2012,0.109,78.6,1258.0,206.8,147,19.7,10.7,0,0,0,0,0,0,0,0,0,0,0,0,0,0,0,0,0,0,0,0,0,1,0,0,0,86.90322581,70.35483871,78.62903226,2.041935484,0.0,13.87096774,0.173225806,0.0,0.0,27,8,26.0,1.0384615384615385,1.0
"2012-08-01T00:00:00","Narcotic / Drug Law Violations",1028,2012,0.109,78.6,1258.0,206.8,147,19.7,10.7,0,0,0,0,1,0,0,0,0,0,0,0,0,0,0,0,0,0,0,0,0,0,0,0,0,86.90322581,70.35483871,78.62903226,2.041935484,0.0,13.87096774,0.173225806,0.0,0.0,1028,8,1244.6666666666667,0.8259239421531869,-216.66666666666674
"2012-08-01T00:00:00","Offenses Against Family and Children",10,2012,0.109,78.6,1258.0,206.8,147,19.7,10.7,0,0,0,0,0,0,0,0,0,0,0,0,0,0,0,0,0,0,0,0,0,0,1,0,0,86.90322581,70.35483871,78.62903226,2.041935484,0.0,13.87096774,0.173225806,0.0,0.0,10,8,14.333333333333334,0.6976744186046512,-4.333333333333334
"2012-08-01T00:00:00","Other Assaults",2052,2012,0.109,78.6,1258.0,206.8,147,19.7,10.7,0,0,1,0,0,0,0,0,0,0,0,0,0,0,0,0,0,0,0,0,0,0,0,0,0,86.90322581,70.35483871,78.62903226,2.041935484,0.0,13.87096774,0.173225806,0.0,0.0,2052,8,2039.5,1.0061289531747977,12.5
"2012-08-01T00:00:00","Other Sex Offenses (Not Commercialized)",129,2012,0.109,78.6,1258.0,206.8,147,19.7,10.7,0,0,0,0,0,0,0,0,0,0,0,0,0,1,0,0,0,0,0,0,0,0,0,0,0,86.90322581,70.35483871,78.62903226,2.041935484,0.0,13.87096774,0.173225806,0.0,0.0,129,8,132.33333333333334,0.9748110831234256,-3.333333333333343
"2012-08-01T00:00:00","Prostitution and Commercialized Vice",129,2012,0.109,78.6,1258.0,206.8,147,19.7,10.7,0,0,0,0,0,0,0,0,0,0,0,0,0,0,1,0,0,0,0,0,0,0,0,0,0,86.90322581,70.35483871,78.62903226,2.041935484,0.0,13.87096774,0.173225806,0.0,0.0,129,8,98.33333333333333,1.311864406779661,30.66666666666667
"2012-08-01T00:00:00","Rape",72,2012,0.109,78.6,1258.0,206.8,147,19.7,10.7,0,0,0,0,0,0,0,0,0,0,0,0,0,0,0,1,0,0,0,0,0,0,0,0,0,86.90322581,70.35483871,78.62903226,2.041935484,0.0,13.87096774,0.173225806,0.0,0.0,72,8,84.83333333333333,0.8487229862475443,-12.833333333333329
"2012-08-01T00:00:00","Receiving Stolen Property",10,2012,0.109,78.6,1258.0,206.8,147,19.7,10.7,0,0,0,0,0,0,0,0,0,0,0,0,0,0,0,0,0,0,0,0,0,0,0,0,1,86.90322581,70.35483871,78.62903226,2.041935484,0.0,13.87096774,0.173225806,0.0,0.0,10,8,9.5,1.0526315789473684,0.5
"2012-08-01T00:00:00","Recovered Stolen Motor Vehicle",696,2012,0.109,78.6,1258.0,206.8,147,19.7,10.7,0,0,0,0,0,0,0,1,0,0,0,0,0,0,0,0,0,0,0,0,0,0,0,0,0,86.90322581,70.35483871,78.62903226,2.041935484,0.0,13.87096774,0.173225806,0.0,0.0,696,8,876.8333333333334,0.7937654438319711,-180.83333333333337
"2012-08-01T00:00:00","Robbery",745,2012,0.109,78.6,1258.0,206.8,147,19.7,10.7,0,0,0,0,0,0,0,0,1,0,0,0,0,0,0,0,0,0,0,0,0,0,0,0,0,86.90322581,70.35483871,78.62903226,2.041935484,0.0,13.87096774,0.173225806,0.0,0.0,745,8,821.5,0.9068776628119294,-76.5
"2012-08-01T00:00:00","Thefts",3857,2012,0.109,78.6,1258.0,206.8,147,19.7,10.7,1,0,0,0,0,0,0,0,0,0,0,0,0,0,0,0,0,0,0,0,0,0,0,0,0,86.90322581,70.35483871,78.62903226,2.041935484,0.0,13.87096774,0.173225806,0.0,0.0,3857,8,4135.666666666667,0.9326186830015313,-278.66666666666697
"2012-08-01T00:00:00","Vagrancy/Loitering",36,2012,0.109,78.6,1258.0,206.8,147,19.7,10.7,0,0,0,0,0,0,0,0,0,0,0,0,0,0,0,0,0,1,0,0,0,0,0,0,0,86.90322581,70.35483871,78.62903226,2.041935484,0.0,13.87096774,0.173225806,0.0,0.0,36,8,68.33333333333333,0.526829268292683,-32.33333333333333
"2012-08-01T00:00:00","Vandalism/Criminal Mischief",1510,2012,0.109,78.6,1258.0,206.8,147,19.7,10.7,0,0,0,1,0,0,0,0,0,0,0,0,0,0,0,0,0,0,0,0,0,0,0,0,0,86.90322581,70.35483871,78.62903226,2.041935484,0.0,13.87096774,0.173225806,0.0,0.0,1510,8,1850.1666666666667,0.8161426898477614,-340.16666666666674
"2012-08-01T00:00:00","Weapon Violations",101,2012,0.109,78.6,1258.0,206.8,147,19.7,10.7,0,0,0,0,0,0,0,0,0,0,0,0,1,0,0,0,0,0,0,0,0,0,0,0,0,86.90322581,70.35483871,78.62903226,2.041935484,0.0,13.87096774,0.173225806,0.0,0.0,101,8,105.83333333333333,0.9543307086614173,-4.833333333333329
"2012-09-01T00:00:00","Aggravated Assault",733,2012,0.109,78.6,1258.0,206.8,147,19.7,10.7,0,0,0,0,0,0,0,0,0,1,0,0,0,0,0,0,0,0,0,0,0,0,0,0,0,78.26666667,62.33333333,70.3,1.15,0.466666667,6.033333333,0.182666667,0.0,0.0,733,9,839.6666666666666,0.8729654624851132,-106.66666666666663
"2012-09-01T00:00:00","All Other Offenses",3081,2012,0.109,78.6,1258.0,206.8,147,19.7,10.7,0,1,0,0,0,0,0,0,0,0,0,0,0,0,0,0,0,0,0,0,0,0,0,0,0,78.26666667,62.33333333,70.3,1.15,0.466666667,6.033333333,0.182666667,0.0,0.0,3081,9,3002.3333333333335,1.0262018430109914,78.66666666666652
"2012-09-01T00:00:00","Arson",29,2012,0.109,78.6,1258.0,206.8,147,19.7,10.7,0,0,0,0,0,0,0,0,0,0,0,0,0,0,0,0,0,0,1,0,0,0,0,0,0,78.26666667,62.33333333,70.3,1.15,0.466666667,6.033333333,0.182666667,0.0,0.0,29,9,49.333333333333336,0.5878378378378378,-20.333333333333336
"2012-09-01T00:00:00","Burglary",1067,2012,0.109,78.6,1258.0,206.8,147,19.7,10.7,0,0,0,0,0,1,0,0,0,0,0,0,0,0,0,0,0,0,0,0,0,0,0,0,0,78.26666667,62.33333333,70.3,1.15,0.466666667,6.033333333,0.182666667,0.0,0.0,1067,9,1049.1666666666667,1.0169976171564734,17.833333333333258
"2012-09-01T00:00:00","DRIVING UNDER THE INFLUENCE",391,2012,0.109,78.6,1258.0,206.8,147,19.7,10.7,0,0,0,0,0,0,0,0,0,0,1,0,0,0,0,0,0,0,0,0,0,0,0,0,0,78.26666667,62.33333333,70.3,1.15,0.466666667,6.033333333,0.182666667,0.0,0.0,391,9,413.0,0.9467312348668281,-22.0
"2012-09-01T00:00:00","Disorderly Conduct",291,2012,0.109,78.6,1258.0,206.8,147,19.7,10.7,0,0,0,0,0,0,0,0,0,0,0,1,0,0,0,0,0,0,0,0,0,0,0,0,0,78.26666667,62.33333333,70.3,1.15,0.466666667,6.033333333,0.182666667,0.0,0.0,291,9,370.8333333333333,0.7847191011235956,-79.83333333333331
"2012-09-01T00:00:00","Drinking Violation",106,2012,0.109,78.6,1258.0,206.8,147,19.7,10.7,0,0,0,0,0,0,0,0,0,0,0,0,0,0,0,0,1,0,0,0,0,0,0,0,0,78.26666667,62.33333333,70.3,1.15,0.466666667,6.033333333,0.182666667,0.0,0.0,106,9,96.33333333333333,1.1003460207612457,9.666666666666671
"2012-09-01T00:00:00","Embezzlement",28,2012,0.109,78.6,1258.0,206.8,147,19.7,10.7,0,0,0,0,0,0,0,0,0,0,0,0,0,0,0,0,0,0,0,0,1,0,0,0,0,78.26666667,62.33333333,70.3,1.15,0.466666667,6.033333333,0.182666667,0.0,0.0,28,9,35.166666666666664,0.7962085308056872,-7.166666666666664
"2012-09-01T00:00:00","Forgery and Counterfeiting",15,2012,0.109,78.6,1258.0,206.8,147,19.7,10.7,0,0,0,0,0,0,0,0,0,0,0,0,0,0,0,0,0,0,0,1,0,0,0,0,0,78.26666667,62.33333333,70.3,1.15,0.466666667,6.033333333,0.182666667,0.0,0.0,15,9,44.5,0.33707865168539325,-29.5
"2012-09-01T00:00:00","Fraud",760,2012,0.109,78.6,1258.0,206.8,147,19.7,10.7,0,0,0,0,0,0,1,0,0,0,0,0,0,0,0,0,0,0,0,0,0,0,0,0,0,78.26666667,62.33333333,70.3,1.15,0.466666667,6.033333333,0.182666667,0.0,0.0,760,9,799.5,0.9505941213258287,-39.5
"2012-09-01T00:00:00","Gambling Violations",6,2012,0.109,78.6,1258.0,206.8,147,19.7,10.7,0,0,0,0,0,0,0,0,0,0,0,0,0,0,0,0,0,0,0,0,0,0,0,1,0,78.26666667,62.33333333,70.3,1.15,0.466666667,6.033333333,0.182666667,0.0,0.0,6,9,10.0,0.6,-4.0
"2012-09-01T00:00:00","Homicide",26,2012,0.109,78.6,1258.0,206.8,147,19.7,10.7,0,0,0,0,0,0,0,0,0,0,0,0,0,0,0,0,0,0,0,0,0,1,0,0,0,78.26666667,62.33333333,70.3,1.15,0.466666667,6.033333333,0.182666667,0.0,0.0,26,9,31.833333333333332,0.8167539267015708,-5.833333333333332
"2012-09-01T00:00:00","Narcotic / Drug Law Violations",1018,2012,0.109,78.6,1258.0,206.8,147,19.7,10.7,0,0,0,0,1,0,0,0,0,0,0,0,0,0,0,0,0,0,0,0,0,0,0,0,0,78.26666667,62.33333333,70.3,1.15,0.466666667,6.033333333,0.182666667,0.0,0.0,1018,9,1152.3333333333333,0.883424934914666,-134.33333333333326
"2012-09-01T00:00:00","Offenses Against Family and Children",13,2012,0.109,78.6,1258.0,206.8,147,19.7,10.7,0,0,0,0,0,0,0,0,0,0,0,0,0,0,0,0,0,0,0,0,0,0,1,0,0,78.26666667,62.33333333,70.3,1.15,0.466666667,6.033333333,0.182666667,0.0,0.0,13,9,17.666666666666668,0.7358490566037735,-4.666666666666668
"2012-09-01T00:00:00","Other Assaults",2064,2012,0.109,78.6,1258.0,206.8,147,19.7,10.7,0,0,1,0,0,0,0,0,0,0,0,0,0,0,0,0,0,0,0,0,0,0,0,0,0,78.26666667,62.33333333,70.3,1.15,0.466666667,6.033333333,0.182666667,0.0,0.0,2064,9,2140.0,0.9644859813084112,-76.0
"2012-09-01T00:00:00","Other Sex Offenses (Not Commercialized)",115,2012,0.109,78.6,1258.0,206.8,147,19.7,10.7,0,0,0,0,0,0,0,0,0,0,0,0,0,1,0,0,0,0,0,0,0,0,0,0,0,78.26666667,62.33333333,70.3,1.15,0.466666667,6.033333333,0.182666667,0.0,0.0,115,9,116.5,0.9871244635193133,-1.5
"2012-09-01T00:00:00","Prostitution and Commercialized Vice",97,2012,0.109,78.6,1258.0,206.8,147,19.7,10.7,0,0,0,0,0,0,0,0,0,0,0,0,0,0,1,0,0,0,0,0,0,0,0,0,0,78.26666667,62.33333333,70.3,1.15,0.466666667,6.033333333,0.182666667,0.0,0.0,97,9,94.66666666666667,1.0246478873239435,2.3333333333333286
"2012-09-01T00:00:00","Rape",73,2012,0.109,78.6,1258.0,206.8,147,19.7,10.7,0,0,0,0,0,0,0,0,0,0,0,0,0,0,0,1,0,0,0,0,0,0,0,0,0,78.26666667,62.33333333,70.3,1.15,0.466666667,6.033333333,0.182666667,0.0,0.0,73,9,82.5,0.8848484848484849,-9.5
"2012-09-01T00:00:00","Receiving Stolen Property",9,2012,0.109,78.6,1258.0,206.8,147,19.7,10.7,0,0,0,0,0,0,0,0,0,0,0,0,0,0,0,0,0,0,0,0,0,0,0,0,1,78.26666667,62.33333333,70.3,1.15,0.466666667,6.033333333,0.182666667,0.0,0.0,9,9,7.166666666666667,1.255813953488372,1.833333333333333
"2012-09-01T00:00:00","Recovered Stolen Motor Vehicle",646,2012,0.109,78.6,1258.0,206.8,147,19.7,10.7,0,0,0,0,0,0,0,1,0,0,0,0,0,0,0,0,0,0,0,0,0,0,0,0,0,78.26666667,62.33333333,70.3,1.15,0.466666667,6.033333333,0.182666667,0.0,0.0,646,9,819.5,0.7882855399633923,-173.5
"2012-09-01T00:00:00","Robbery",748,2012,0.109,78.6,1258.0,206.8,147,19.7,10.7,0,0,0,0,0,0,0,0,1,0,0,0,0,0,0,0,0,0,0,0,0,0,0,0,0,78.26666667,62.33333333,70.3,1.15,0.466666667,6.033333333,0.182666667,0.0,0.0,748,9,791.1666666666666,0.9454392247735413,-43.16666666666663
"2012-09-01T00:00:00","Thefts",3880,2012,0.109,78.6,1258.0,206.8,147,19.7,10.7,1,0,0,0,0,0,0,0,0,0,0,0,0,0,0,0,0,0,0,0,0,0,0,0,0,78.26666667,62.33333333,70.3,1.15,0.466666667,6.033333333,0.182666667,0.0,0.0,3880,9,3991.5,0.9720656394839033,-111.5
"2012-09-01T00:00:00","Vagrancy/Loitering",15,2012,0.109,78.6,1258.0,206.8,147,19.7,10.7,0,0,0,0,0,0,0,0,0,0,0,0,0,0,0,0,0,1,0,0,0,0,0,0,0,78.26666667,62.33333333,70.3,1.15,0.466666667,6.033333333,0.182666667,0.0,0.0,15,9,70.5,0.2127659574468085,-55.5
"2012-09-01T00:00:00","Vandalism/Criminal Mischief",1400,2012,0.109,78.6,1258.0,206.8,147,19.7,10.7,0,0,0,1,0,0,0,0,0,0,0,0,0,0,0,0,0,0,0,0,0,0,0,0,0,78.26666667,62.33333333,70.3,1.15,0.466666667,6.033333333,0.182666667,0.0,0.0,1400,9,1624.0,0.8620689655172413,-224.0
"2012-09-01T00:00:00","Weapon Violations",115,2012,0.109,78.6,1258.0,206.8,147,19.7,10.7,0,0,0,0,0,0,0,0,0,0,0,0,1,0,0,0,0,0,0,0,0,0,0,0,0,78.26666667,62.33333333,70.3,1.15,0.466666667,6.033333333,0.182666667,0.0,0.0,115,9,157.0,0.732484076433121,-42.0
"2012-10-01T00:00:00","Aggravated Assault",670,2012,0.109,78.6,1258.0,206.8,147,19.7,10.7,0,0,0,0,0,0,0,0,0,1,0,0,0,0,0,0,0,0,0,0,0,0,0,0,0,66.83870968,52.0,59.41935484,1.922580645,6.322580645,1.0,0.131612903,0.0,0.0,670,10,783.0,0.855683269476373,-113.0
"2012-10-01T00:00:00","All Other Offenses",3134,2012,0.109,78.6,1258.0,206.8,147,19.7,10.7,0,1,0,0,0,0,0,0,0,0,0,0,0,0,0,0,0,0,0,0,0,0,0,0,0,66.83870968,52.0,59.41935484,1.922580645,6.322580645,1.0,0.131612903,0.0,0.0,3134,10,2839.5,1.1037154428596583,294.5
"2012-10-01T00:00:00","Arson",59,2012,0.109,78.6,1258.0,206.8,147,19.7,10.7,0,0,0,0,0,0,0,0,0,0,0,0,0,0,0,0,0,0,1,0,0,0,0,0,0,66.83870968,52.0,59.41935484,1.922580645,6.322580645,1.0,0.131612903,0.0,0.0,59,10,49.833333333333336,1.1839464882943143,9.166666666666664
"2012-10-01T00:00:00","Burglary",1174,2012,0.109,78.6,1258.0,206.8,147,19.7,10.7,0,0,0,0,0,1,0,0,0,0,0,0,0,0,0,0,0,0,0,0,0,0,0,0,0,66.83870968,52.0,59.41935484,1.922580645,6.322580645,1.0,0.131612903,0.0,0.0,1174,10,1046.1666666666667,1.1221921299984068,127.83333333333326
"2012-10-01T00:00:00","DRIVING UNDER THE INFLUENCE",352,2012,0.109,78.6,1258.0,206.8,147,19.7,10.7,0,0,0,0,0,0,0,0,0,0,1,0,0,0,0,0,0,0,0,0,0,0,0,0,0,66.83870968,52.0,59.41935484,1.922580645,6.322580645,1.0,0.131612903,0.0,0.0,352,10,419.3333333333333,0.8394276629570747,-67.33333333333331
"2012-10-01T00:00:00","Disorderly Conduct",327,2012,0.109,78.6,1258.0,206.8,147,19.7,10.7,0,0,0,0,0,0,0,0,0,0,0,1,0,0,0,0,0,0,0,0,0,0,0,0,0,66.83870968,52.0,59.41935484,1.922580645,6.322580645,1.0,0.131612903,0.0,0.0,327,10,391.0,0.8363171355498721,-64.0
"2012-10-01T00:00:00","Drinking Violation",107,2012,0.109,78.6,1258.0,206.8,147,19.7,10.7,0,0,0,0,0,0,0,0,0,0,0,0,0,0,0,0,1,0,0,0,0,0,0,0,0,66.83870968,52.0,59.41935484,1.922580645,6.322580645,1.0,0.131612903,0.0,0.0,107,10,80.0,1.3375,27.0
"2012-10-01T00:00:00","Embezzlement",26,2012,0.109,78.6,1258.0,206.8,147,19.7,10.7,0,0,0,0,0,0,0,0,0,0,0,0,0,0,0,0,0,0,0,0,1,0,0,0,0,66.83870968,52.0,59.41935484,1.922580645,6.322580645,1.0,0.131612903,0.0,0.0,26,10,37.5,0.6933333333333334,-11.5
"2012-10-01T00:00:00","Forgery and Counterfeiting",21,2012,0.109,78.6,1258.0,206.8,147,19.7,10.7,0,0,0,0,0,0,0,0,0,0,0,0,0,0,0,0,0,0,0,1,0,0,0,0,0,66.83870968,52.0,59.41935484,1.922580645,6.322580645,1.0,0.131612903,0.0,0.0,21,10,53.166666666666664,0.3949843260188088,-32.166666666666664
"2012-10-01T00:00:00","Fraud",718,2012,0.109,78.6,1258.0,206.8,147,19.7,10.7,0,0,0,0,0,0,1,0,0,0,0,0,0,0,0,0,0,0,0,0,0,0,0,0,0,66.83870968,52.0,59.41935484,1.922580645,6.322580645,1.0,0.131612903,0.0,0.0,718,10,783.0,0.9169859514687101,-65.0
"2012-10-01T00:00:00","Gambling Violations",7,2012,0.109,78.6,1258.0,206.8,147,19.7,10.7,0,0,0,0,0,0,0,0,0,0,0,0,0,0,0,0,0,0,0,0,0,0,0,1,0,66.83870968,52.0,59.41935484,1.922580645,6.322580645,1.0,0.131612903,0.0,0.0,7,10,9.5,0.7368421052631579,-2.5
"2012-10-01T00:00:00","Homicide",26,2012,0.109,78.6,1258.0,206.8,147,19.7,10.7,0,0,0,0,0,0,0,0,0,0,0,0,0,0,0,0,0,0,0,0,0,1,0,0,0,66.83870968,52.0,59.41935484,1.922580645,6.322580645,1.0,0.131612903,0.0,0.0,26,10,33.166666666666664,0.7839195979899498,-7.166666666666664
"2012-10-01T00:00:00","Narcotic / Drug Law Violations",1096,2012,0.109,78.6,1258.0,206.8,147,19.7,10.7,0,0,0,0,1,0,0,0,0,0,0,0,0,0,0,0,0,0,0,0,0,0,0,0,0,66.83870968,52.0,59.41935484,1.922580645,6.322580645,1.0,0.131612903,0.0,0.0,1096,10,1154.6666666666667,0.9491916859122401,-58.66666666666674
"2012-10-01T00:00:00","Offenses Against Family and Children",9,2012,0.109,78.6,1258.0,206.8,147,19.7,10.7,0,0,0,0,0,0,0,0,0,0,0,0,0,0,0,0,0,0,0,0,0,0,1,0,0,66.83870968,52.0,59.41935484,1.922580645,6.322580645,1.0,0.131612903,0.0,0.0,9,10,14.166666666666666,0.6352941176470589,-5.166666666666666
"2012-10-01T00:00:00","Other Assaults",2028,2012,0.109,78.6,1258.0,206.8,147,19.7,10.7,0,0,1,0,0,0,0,0,0,0,0,0,0,0,0,0,0,0,0,0,0,0,0,0,0,66.83870968,52.0,59.41935484,1.922580645,6.322580645,1.0,0.131612903,0.0,0.0,2028,10,2212.3333333333335,0.9166792225403043,-184.33333333333348
"2012-10-01T00:00:00","Other Sex Offenses (Not Commercialized)",146,2012,0.109,78.6,1258.0,206.8,147,19.7,10.7,0,0,0,0,0,0,0,0,0,0,0,0,0,1,0,0,0,0,0,0,0,0,0,0,0,66.83870968,52.0,59.41935484,1.922580645,6.322580645,1.0,0.131612903,0.0,0.0,146,10,129.16666666666666,1.1303225806451613,16.833333333333343
"2012-10-01T00:00:00","Prostitution and Commercialized Vice",106,2012,0.109,78.6,1258.0,206.8,147,19.7,10.7,0,0,0,0,0,0,0,0,0,0,0,0,0,0,1,0,0,0,0,0,0,0,0,0,0,66.83870968,52.0,59.41935484,1.922580645,6.322580645,1.0,0.131612903,0.0,0.0,106,10,85.66666666666667,1.2373540856031127,20.33333333333333
"2012-10-01T00:00:00","Rape",69,2012,0.109,78.6,1258.0,206.8,147,19.7,10.7,0,0,0,0,0,0,0,0,0,0,0,0,0,0,0,1,0,0,0,0,0,0,0,0,0,66.83870968,52.0,59.41935484,1.922580645,6.322580645,1.0,0.131612903,0.0,0.0,69,10,81.33333333333333,0.8483606557377049,-12.333333333333329
"2012-10-01T00:00:00","Receiving Stolen Property",12,2012,0.109,78.6,1258.0,206.8,147,19.7,10.7,0,0,0,0,0,0,0,0,0,0,0,0,0,0,0,0,0,0,0,0,0,0,0,0,1,66.83870968,52.0,59.41935484,1.922580645,6.322580645,1.0,0.131612903,0.0,0.0,12,10,8.333333333333334,1.44,3.666666666666666
"2012-10-01T00:00:00","Recovered Stolen Motor Vehicle",625,2012,0.109,78.6,1258.0,206.8,147,19.7,10.7,0,0,0,0,0,0,0,1,0,0,0,0,0,0,0,0,0,0,0,0,0,0,0,0,0,66.83870968,52.0,59.41935484,1.922580645,6.322580645,1.0,0.131612903,0.0,0.0,625,10,798.5,0.7827175954915466,-173.5
"2012-10-01T00:00:00","Robbery",717,2012,0.109,78.6,1258.0,206.8,147,19.7,10.7,0,0,0,0,0,0,0,0,1,0,0,0,0,0,0,0,0,0,0,0,0,0,0,0,0,66.83870968,52.0,59.41935484,1.922580645,6.322580645,1.0,0.131612903,0.0,0.0,717,10,857.3333333333334,0.8363141524105754,-140.33333333333337
"2012-10-01T00:00:00","Thefts",3607,2012,0.109,78.6,1258.0,206.8,147,19.7,10.7,1,0,0,0,0,0,0,0,0,0,0,0,0,0,0,0,0,0,0,0,0,0,0,0,0,66.83870968,52.0,59.41935484,1.922580645,6.322580645,1.0,0.131612903,0.0,0.0,3607,10,4060.6666666666665,0.8882777868987031,-453.6666666666665
"2012-10-01T00:00:00","Vagrancy/Loitering",42,2012,0.109,78.6,1258.0,206.8,147,19.7,10.7,0,0,0,0,0,0,0,0,0,0,0,0,0,0,0,0,0,1,0,0,0,0,0,0,0,66.83870968,52.0,59.41935484,1.922580645,6.322580645,1.0,0.131612903,0.0,0.0,42,10,66.16666666666667,0.6347607052896725,-24.16666666666667
"2012-10-01T00:00:00","Vandalism/Criminal Mischief",1360,2012,0.109,78.6,1258.0,206.8,147,19.7,10.7,0,0,0,1,0,0,0,0,0,0,0,0,0,0,0,0,0,0,0,0,0,0,0,0,0,66.83870968,52.0,59.41935484,1.922580645,6.322580645,1.0,0.131612903,0.0,0.0,1360,10,1774.0,0.7666290868094702,-414.0
"2012-10-01T00:00:00","Weapon Violations",129,2012,0.109,78.6,1258.0,206.8,147,19.7,10.7,0,0,0,0,0,0,0,0,0,0,0,0,1,0,0,0,0,0,0,0,0,0,0,0,0,66.83870968,52.0,59.41935484,1.922580645,6.322580645,1.0,0.131612903,0.0,0.0,129,10,171.16666666666666,0.75365141187926,-42.16666666666666
"2012-11-01T00:00:00","Aggravated Assault",584,2012,0.109,78.6,1258.0,206.8,147,19.7,10.7,0,0,0,0,0,0,0,0,0,1,0,0,0,0,0,0,0,0,0,0,0,0,0,0,0,51.9,36.5,44.2,-3.4,20.53333333,0.0,0.035,0.0,0.0,584,11,674.8333333333334,0.8653988639170165,-90.83333333333337
"2012-11-01T00:00:00","All Other Offenses",2462,2012,0.109,78.6,1258.0,206.8,147,19.7,10.7,0,1,0,0,0,0,0,0,0,0,0,0,0,0,0,0,0,0,0,0,0,0,0,0,0,51.9,36.5,44.2,-3.4,20.53333333,0.0,0.035,0.0,0.0,2462,11,2592.0,0.9498456790123457,-130.0
"2012-11-01T00:00:00","Arson",40,2012,0.109,78.6,1258.0,206.8,147,19.7,10.7,0,0,0,0,0,0,0,0,0,0,0,0,0,0,0,0,0,0,1,0,0,0,0,0,0,51.9,36.5,44.2,-3.4,20.53333333,0.0,0.035,0.0,0.0,40,11,46.0,0.8695652173913043,-6.0
"2012-11-01T00:00:00","Burglary",1026,2012,0.109,78.6,1258.0,206.8,147,19.7,10.7,0,0,0,0,0,1,0,0,0,0,0,0,0,0,0,0,0,0,0,0,0,0,0,0,0,51.9,36.5,44.2,-3.4,20.53333333,0.0,0.035,0.0,0.0,1026,11,1030.3333333333333,0.9957942413458428,-4.3333333333332575
"2012-11-01T00:00:00","DRIVING UNDER THE INFLUENCE",389,2012,0.109,78.6,1258.0,206.8,147,19.7,10.7,0,0,0,0,0,0,0,0,0,0,1,0,0,0,0,0,0,0,0,0,0,0,0,0,0,51.9,36.5,44.2,-3.4,20.53333333,0.0,0.035,0.0,0.0,389,11,464.0,0.8383620689655172,-75.0
"2012-11-01T00:00:00","Disorderly Conduct",274,2012,0.109,78.6,1258.0,206.8,147,19.7,10.7,0,0,0,0,0,0,0,0,0,0,0,1,0,0,0,0,0,0,0,0,0,0,0,0,0,51.9,36.5,44.2,-3.4,20.53333333,0.0,0.035,0.0,0.0,274,11,325.8333333333333,0.840920716112532,-51.833333333333314
"2012-11-01T00:00:00","Drinking Violation",50,2012,0.109,78.6,1258.0,206.8,147,19.7,10.7,0,0,0,0,0,0,0,0,0,0,0,0,0,0,0,0,1,0,0,0,0,0,0,0,0,51.9,36.5,44.2,-3.4,20.53333333,0.0,0.035,0.0,0.0,50,11,66.66666666666667,0.75,-16.66666666666667
"2012-11-01T00:00:00","Embezzlement",28,2012,0.109,78.6,1258.0,206.8,147,19.7,10.7,0,0,0,0,0,0,0,0,0,0,0,0,0,0,0,0,0,0,0,0,1,0,0,0,0,51.9,36.5,44.2,-3.4,20.53333333,0.0,0.035,0.0,0.0,28,11,35.5,0.7887323943661971,-7.5
"2012-11-01T00:00:00","Forgery and Counterfeiting",23,2012,0.109,78.6,1258.0,206.8,147,19.7,10.7,0,0,0,0,0,0,0,0,0,0,0,0,0,0,0,0,0,0,0,1,0,0,0,0,0,51.9,36.5,44.2,-3.4,20.53333333,0.0,0.035,0.0,0.0,23,11,46.333333333333336,0.4964028776978417,-23.333333333333336
"2012-11-01T00:00:00","Fraud",720,2012,0.109,78.6,1258.0,206.8,147,19.7,10.7,0,0,0,0,0,0,1,0,0,0,0,0,0,0,0,0,0,0,0,0,0,0,0,0,0,51.9,36.5,44.2,-3.4,20.53333333,0.0,0.035,0.0,0.0,720,11,760.0,0.9473684210526315,-40.0
"2012-11-01T00:00:00","Gambling Violations",2,2012,0.109,78.6,1258.0,206.8,147,19.7,10.7,0,0,0,0,0,0,0,0,0,0,0,0,0,0,0,0,0,0,0,0,0,0,0,1,0,51.9,36.5,44.2,-3.4,20.53333333,0.0,0.035,0.0,0.0,2,11,6.833333333333333,0.29268292682926833,-4.833333333333333
"2012-11-01T00:00:00","Homicide",17,2012,0.109,78.6,1258.0,206.8,147,19.7,10.7,0,0,0,0,0,0,0,0,0,0,0,0,0,0,0,0,0,0,0,0,0,1,0,0,0,51.9,36.5,44.2,-3.4,20.53333333,0.0,0.035,0.0,0.0,17,11,24.666666666666668,0.6891891891891891,-7.666666666666668
"2012-11-01T00:00:00","Narcotic / Drug Law Violations",942,2012,0.109,78.6,1258.0,206.8,147,19.7,10.7,0,0,0,0,1,0,0,0,0,0,0,0,0,0,0,0,0,0,0,0,0,0,0,0,0,51.9,36.5,44.2,-3.4,20.53333333,0.0,0.035,0.0,0.0,942,11,1097.8333333333333,0.8580537422195234,-155.83333333333326
"2012-11-01T00:00:00","Offenses Against Family and Children",8,2012,0.109,78.6,1258.0,206.8,147,19.7,10.7,0,0,0,0,0,0,0,0,0,0,0,0,0,0,0,0,0,0,0,0,0,0,1,0,0,51.9,36.5,44.2,-3.4,20.53333333,0.0,0.035,0.0,0.0,8,11,12.5,0.64,-4.5
"2012-11-01T00:00:00","Other Assaults",1728,2012,0.109,78.6,1258.0,206.8,147,19.7,10.7,0,0,1,0,0,0,0,0,0,0,0,0,0,0,0,0,0,0,0,0,0,0,0,0,0,51.9,36.5,44.2,-3.4,20.53333333,0.0,0.035,0.0,0.0,1728,11,1968.8333333333333,0.8776771353593499,-240.83333333333326
"2012-11-01T00:00:00","Other Sex Offenses (Not Commercialized)",118,2012,0.109,78.6,1258.0,206.8,147,19.7,10.7,0,0,0,0,0,0,0,0,0,0,0,0,0,1,0,0,0,0,0,0,0,0,0,0,0,51.9,36.5,44.2,-3.4,20.53333333,0.0,0.035,0.0,0.0,118,11,128.66666666666666,0.917098445595855,-10.666666666666657
"2012-11-01T00:00:00","Prostitution and Commercialized Vice",67,2012,0.109,78.6,1258.0,206.8,147,19.7,10.7,0,0,0,0,0,0,0,0,0,0,0,0,0,0,1,0,0,0,0,0,0,0,0,0,0,51.9,36.5,44.2,-3.4,20.53333333,0.0,0.035,0.0,0.0,67,11,102.83333333333333,0.6515397082658023,-35.83333333333333
"2012-11-01T00:00:00","Rape",66,2012,0.109,78.6,1258.0,206.8,147,19.7,10.7,0,0,0,0,0,0,0,0,0,0,0,0,0,0,0,1,0,0,0,0,0,0,0,0,0,51.9,36.5,44.2,-3.4,20.53333333,0.0,0.035,0.0,0.0,66,11,78.33333333333333,0.8425531914893618,-12.333333333333329
"2012-11-01T00:00:00","Receiving Stolen Property",4,2012,0.109,78.6,1258.0,206.8,147,19.7,10.7,0,0,0,0,0,0,0,0,0,0,0,0,0,0,0,0,0,0,0,0,0,0,0,0,1,51.9,36.5,44.2,-3.4,20.53333333,0.0,0.035,0.0,0.0,4,11,4.833333333333333,0.8275862068965518,-0.833333333333333
"2012-11-01T00:00:00","Recovered Stolen Motor Vehicle",583,2012,0.109,78.6,1258.0,206.8,147,19.7,10.7,0,0,0,0,0,0,0,1,0,0,0,0,0,0,0,0,0,0,0,0,0,0,0,0,0,51.9,36.5,44.2,-3.4,20.53333333,0.0,0.035,0.0,0.0,583,11,785.1666666666666,0.7425175122054766,-202.16666666666663
"2012-11-01T00:00:00","Robbery",655,2012,0.109,78.6,1258.0,206.8,147,19.7,10.7,0,0,0,0,0,0,0,0,1,0,0,0,0,0,0,0,0,0,0,0,0,0,0,0,0,51.9,36.5,44.2,-3.4,20.53333333,0.0,0.035,0.0,0.0,655,11,837.5,0.7820895522388059,-182.5
"2012-11-01T00:00:00","Thefts",3276,2012,0.109,78.6,1258.0,206.8,147,19.7,10.7,1,0,0,0,0,0,0,0,0,0,0,0,0,0,0,0,0,0,0,0,0,0,0,0,0,51.9,36.5,44.2,-3.4,20.53333333,0.0,0.035,0.0,0.0,3276,11,3727.1666666666665,0.8789518400930109,-451.1666666666665
"2012-11-01T00:00:00","Vagrancy/Loitering",39,2012,0.109,78.6,1258.0,206.8,147,19.7,10.7,0,0,0,0,0,0,0,0,0,0,0,0,0,0,0,0,0,1,0,0,0,0,0,0,0,51.9,36.5,44.2,-3.4,20.53333333,0.0,0.035,0.0,0.0,39,11,59.833333333333336,0.6518105849582172,-20.833333333333336
"2012-11-01T00:00:00","Vandalism/Criminal Mischief",1203,2012,0.109,78.6,1258.0,206.8,147,19.7,10.7,0,0,0,1,0,0,0,0,0,0,0,0,0,0,0,0,0,0,0,0,0,0,0,0,0,51.9,36.5,44.2,-3.4,20.53333333,0.0,0.035,0.0,0.0,1203,11,1613.8333333333333,0.7454301352886502,-410.83333333333326
"2012-11-01T00:00:00","Weapon Violations",123,2012,0.109,78.6,1258.0,206.8,147,19.7,10.7,0,0,0,0,0,0,0,0,0,0,0,0,1,0,0,0,0,0,0,0,0,0,0,0,0,51.9,36.5,44.2,-3.4,20.53333333,0.0,0.035,0.0,0.0,123,11,155.33333333333334,0.7918454935622317,-32.33333333333334
"2012-12-01T00:00:00","Aggravated Assault",613,2012,0.109,78.6,1258.0,206.8,147,19.7,10.7,0,0,0,0,0,0,0,0,0,1,0,0,0,0,0,0,0,0,0,0,0,0,0,0,0,49.67741935,36.5483871,43.11290323,5.667741935,21.61290323,0.0,0.142580645,0.012903226,0.0,613,12,678.5,0.9034635224760501,-65.5
"2012-12-01T00:00:00","All Other Offenses",2450,2012,0.109,78.6,1258.0,206.8,147,19.7,10.7,0,1,0,0,0,0,0,0,0,0,0,0,0,0,0,0,0,0,0,0,0,0,0,0,0,49.67741935,36.5483871,43.11290323,5.667741935,21.61290323,0.0,0.142580645,0.012903226,0.0,2450,12,2485.3333333333335,0.985783261802575,-35.333333333333485
"2012-12-01T00:00:00","Arson",36,2012,0.109,78.6,1258.0,206.8,147,19.7,10.7,0,0,0,0,0,0,0,0,0,0,0,0,0,0,0,0,0,0,1,0,0,0,0,0,0,49.67741935,36.5483871,43.11290323,5.667741935,21.61290323,0.0,0.142580645,0.012903226,0.0,36,12,44.166666666666664,0.8150943396226416,-8.166666666666664
"2012-12-01T00:00:00","Burglary",944,2012,0.109,78.6,1258.0,206.8,147,19.7,10.7,0,0,0,0,0,1,0,0,0,0,0,0,0,0,0,0,0,0,0,0,0,0,0,0,0,49.67741935,36.5483871,43.11290323,5.667741935,21.61290323,0.0,0.142580645,0.012903226,0.0,944,12,1000.6666666666666,0.9433710859427049,-56.66666666666663
"2012-12-01T00:00:00","DRIVING UNDER THE INFLUENCE",394,2012,0.109,78.6,1258.0,206.8,147,19.7,10.7,0,0,0,0,0,0,0,0,0,0,1,0,0,0,0,0,0,0,0,0,0,0,0,0,0,49.67741935,36.5483871,43.11290323,5.667741935,21.61290323,0.0,0.142580645,0.012903226,0.0,394,12,468.0,0.8418803418803419,-74.0
"2012-12-01T00:00:00","Disorderly Conduct",256,2012,0.109,78.6,1258.0,206.8,147,19.7,10.7,0,0,0,0,0,0,0,0,0,0,0,1,0,0,0,0,0,0,0,0,0,0,0,0,0,49.67741935,36.5483871,43.11290323,5.667741935,21.61290323,0.0,0.142580645,0.012903226,0.0,256,12,272.3333333333333,0.9400244798041616,-16.333333333333314
"2012-12-01T00:00:00","Drinking Violation",38,2012,0.109,78.6,1258.0,206.8,147,19.7,10.7,0,0,0,0,0,0,0,0,0,0,0,0,0,0,0,0,1,0,0,0,0,0,0,0,0,49.67741935,36.5483871,43.11290323,5.667741935,21.61290323,0.0,0.142580645,0.012903226,0.0,38,12,48.666666666666664,0.7808219178082192,-10.666666666666664
"2012-12-01T00:00:00","Embezzlement",22,2012,0.109,78.6,1258.0,206.8,147,19.7,10.7,0,0,0,0,0,0,0,0,0,0,0,0,0,0,0,0,0,0,0,0,1,0,0,0,0,49.67741935,36.5483871,43.11290323,5.667741935,21.61290323,0.0,0.142580645,0.012903226,0.0,22,12,43.5,0.5057471264367817,-21.5
"2012-12-01T00:00:00","Forgery and Counterfeiting",22,2012,0.109,78.6,1258.0,206.8,147,19.7,10.7,0,0,0,0,0,0,0,0,0,0,0,0,0,0,0,0,0,0,0,1,0,0,0,0,0,49.67741935,36.5483871,43.11290323,5.667741935,21.61290323,0.0,0.142580645,0.012903226,0.0,22,12,46.166666666666664,0.47653429602888087,-24.166666666666664
"2012-12-01T00:00:00","Fraud",692,2012,0.109,78.6,1258.0,206.8,147,19.7,10.7,0,0,0,0,0,0,1,0,0,0,0,0,0,0,0,0,0,0,0,0,0,0,0,0,0,49.67741935,36.5483871,43.11290323,5.667741935,21.61290323,0.0,0.142580645,0.012903226,0.0,692,12,768.8333333333334,0.9000650336006937,-76.83333333333337
"2012-12-01T00:00:00","Gambling Violations",5,2012,0.109,78.6,1258.0,206.8,147,19.7,10.7,0,0,0,0,0,0,0,0,0,0,0,0,0,0,0,0,0,0,0,0,0,0,0,1,0,49.67741935,36.5483871,43.11290323,5.667741935,21.61290323,0.0,0.142580645,0.012903226,0.0,5,12,2.6666666666666665,1.875,2.3333333333333335
"2012-12-01T00:00:00","Homicide",31,2012,0.109,78.6,1258.0,206.8,147,19.7,10.7,0,0,0,0,0,0,0,0,0,0,0,0,0,0,0,0,0,0,0,0,0,1,0,0,0,49.67741935,36.5483871,43.11290323,5.667741935,21.61290323,0.0,0.142580645,0.012903226,0.0,31,12,24.5,1.2653061224489797,6.5
"2012-12-01T00:00:00","Narcotic / Drug Law Violations",835,2012,0.109,78.6,1258.0,206.8,147,19.7,10.7,0,0,0,0,1,0,0,0,0,0,0,0,0,0,0,0,0,0,0,0,0,0,0,0,0,49.67741935,36.5483871,43.11290323,5.667741935,21.61290323,0.0,0.142580645,0.012903226,0.0,835,12,1077.6666666666667,0.7748221466130528,-242.66666666666674
"2012-12-01T00:00:00","Offenses Against Family and Children",15,2012,0.109,78.6,1258.0,206.8,147,19.7,10.7,0,0,0,0,0,0,0,0,0,0,0,0,0,0,0,0,0,0,0,0,0,0,1,0,0,49.67741935,36.5483871,43.11290323,5.667741935,21.61290323,0.0,0.142580645,0.012903226,0.0,15,12,12.0,1.25,3.0
"2012-12-01T00:00:00","Other Assaults",1856,2012,0.109,78.6,1258.0,206.8,147,19.7,10.7,0,0,1,0,0,0,0,0,0,0,0,0,0,0,0,0,0,0,0,0,0,0,0,0,0,49.67741935,36.5483871,43.11290323,5.667741935,21.61290323,0.0,0.142580645,0.012903226,0.0,1856,12,1852.3333333333333,1.0019794853338133,3.6666666666667425
"2012-12-01T00:00:00","Other Sex Offenses (Not Commercialized)",121,2012,0.109,78.6,1258.0,206.8,147,19.7,10.7,0,0,0,0,0,0,0,0,0,0,0,0,0,1,0,0,0,0,0,0,0,0,0,0,0,49.67741935,36.5483871,43.11290323,5.667741935,21.61290323,0.0,0.142580645,0.012903226,0.0,121,12,133.16666666666666,0.9086357947434294,-12.166666666666657
"2012-12-01T00:00:00","Prostitution and Commercialized Vice",89,2012,0.109,78.6,1258.0,206.8,147,19.7,10.7,0,0,0,0,0,0,0,0,0,0,0,0,0,0,1,0,0,0,0,0,0,0,0,0,0,49.67741935,36.5483871,43.11290323,5.667741935,21.61290323,0.0,0.142580645,0.012903226,0.0,89,12,97.66666666666667,0.9112627986348122,-8.666666666666671
"2012-12-01T00:00:00","Rape",56,2012,0.109,78.6,1258.0,206.8,147,19.7,10.7,0,0,0,0,0,0,0,0,0,0,0,0,0,0,0,1,0,0,0,0,0,0,0,0,0,49.67741935,36.5483871,43.11290323,5.667741935,21.61290323,0.0,0.142580645,0.012903226,0.0,56,12,76.33333333333333,0.7336244541484717,-20.33333333333333
"2012-12-01T00:00:00","Receiving Stolen Property",5,2012,0.109,78.6,1258.0,206.8,147,19.7,10.7,0,0,0,0,0,0,0,0,0,0,0,0,0,0,0,0,0,0,0,0,0,0,0,0,1,49.67741935,36.5483871,43.11290323,5.667741935,21.61290323,0.0,0.142580645,0.012903226,0.0,5,12,6.333333333333333,0.7894736842105263,-1.333333333333333
"2012-12-01T00:00:00","Recovered Stolen Motor Vehicle",611,2012,0.109,78.6,1258.0,206.8,147,19.7,10.7,0,0,0,0,0,0,0,1,0,0,0,0,0,0,0,0,0,0,0,0,0,0,0,0,0,49.67741935,36.5483871,43.11290323,5.667741935,21.61290323,0.0,0.142580645,0.012903226,0.0,611,12,732.0,0.8346994535519126,-121.0
"2012-12-01T00:00:00","Robbery",629,2012,0.109,78.6,1258.0,206.8,147,19.7,10.7,0,0,0,0,0,0,0,0,1,0,0,0,0,0,0,0,0,0,0,0,0,0,0,0,0,49.67741935,36.5483871,43.11290323,5.667741935,21.61290323,0.0,0.142580645,0.012903226,0.0,629,12,797.0,0.7892095357590966,-168.0
"2012-12-01T00:00:00","Thefts",3174,2012,0.109,78.6,1258.0,206.8,147,19.7,10.7,1,0,0,0,0,0,0,0,0,0,0,0,0,0,0,0,0,0,0,0,0,0,0,0,0,49.67741935,36.5483871,43.11290323,5.667741935,21.61290323,0.0,0.142580645,0.012903226,0.0,3174,12,3599.8333333333335,0.8817074864577064,-425.8333333333335
"2012-12-01T00:00:00","Vagrancy/Loitering",24,2012,0.109,78.6,1258.0,206.8,147,19.7,10.7,0,0,0,0,0,0,0,0,0,0,0,0,0,0,0,0,0,1,0,0,0,0,0,0,0,49.67741935,36.5483871,43.11290323,5.667741935,21.61290323,0.0,0.142580645,0.012903226,0.0,24,12,50.5,0.4752475247524752,-26.5
"2012-12-01T00:00:00","Vandalism/Criminal Mischief",1207,2012,0.109,78.6,1258.0,206.8,147,19.7,10.7,0,0,0,1,0,0,0,0,0,0,0,0,0,0,0,0,0,0,0,0,0,0,0,0,0,49.67741935,36.5483871,43.11290323,5.667741935,21.61290323,0.0,0.142580645,0.012903226,0.0,1207,12,1496.1666666666667,0.8067283056700456,-289.16666666666674
"2012-12-01T00:00:00","Weapon Violations",127,2012,0.109,78.6,1258.0,206.8,147,19.7,10.7,0,0,0,0,0,0,0,0,0,0,0,0,1,0,0,0,0,0,0,0,0,0,0,0,0,49.67741935,36.5483871,43.11290323,5.667741935,21.61290323,0.0,0.142580645,0.012903226,0.0,127,12,161.66666666666666,0.7855670103092784,-34.66666666666666
